DROP SCHEMA IF EXISTS FILMES;
CREATE SCHEMA FILMES;
USE FILMES;

DROP TABLE IF EXISTS FILME_CATEGORIA,
                     FILME_ATOR,
                     FILME,
                     CATEGORIA,
                     IDIOMA, 
                     ATOR;                     

CREATE TABLE ATOR (
  id 		INT AUTO_INCREMENT,
  nome 		VARCHAR(45) NOT NULL,
  sobrenome VARCHAR(45) NOT NULL,
  PRIMARY KEY (id)
);


CREATE TABLE CATEGORIA (
  id 		INT AUTO_INCREMENT,
  nome 		VARCHAR(25) NOT NULL,
  PRIMARY KEY (id)
);

CREATE TABLE IDIOMA (
  id 		INT AUTO_INCREMENT,
  nome 		VARCHAR(20) NOT NULL,
  PRIMARY KEY (id)
);

CREATE TABLE FILME (
  id 				INT AUTO_INCREMENT,
  titulo			VARCHAR(128) NOT NULL,
  descricao 		TEXT DEFAULT NULL,
  ano_lancamento 	YEAR DEFAULT NULL,
  id_idioma 		INT NOT NULL,
  duracao_aluguel 	INT NOT NULL DEFAULT 3, -- Duração em dias
  taxa_aluguel 		DECIMAL(4,2) NOT NULL DEFAULT 4.99, -- Custo total do aluguel
  tamanho 			INT DEFAULT NULL, -- Tamanho do filme em minutos
  custo_reposicao 	DECIMAL(5,2) NOT NULL DEFAULT 19.99, -- Custo da reposição do filme
  avaliacao 		ENUM('G','PG','PG-13','R','NC-17') DEFAULT 'G', -- Classificação US para audiência
  caract_especiais  SET('Trailers','Commentaries','Deleted Scenes','Behind the Scenes') DEFAULT NULL,
  PRIMARY KEY (id),
  FOREIGN KEY (id_idioma) REFERENCES IDIOMA (id)
);

CREATE TABLE FILME_ATOR (
  id_ator 			INT NOT NULL,
  id_filme 			INT NOT NULL,
  PRIMARY KEY  (id_ator,id_filme),
  FOREIGN KEY (id_ator) REFERENCES ATOR(id),
  FOREIGN KEY (id_filme) REFERENCES FILME (id)
);

CREATE TABLE FILME_CATEGORIA (
  id_filme 			INT NOT NULL,
  id_categoria 		INT NOT NULL,
  PRIMARY KEY (id_filme, id_categoria),
  FOREIGN KEY (id_filme) REFERENCES FILME (id),
  FOREIGN KEY (id_categoria) REFERENCES CATEGORIA(id) 
);




SET AUTOCOMMIT=0;
INSERT INTO ATOR VALUES (1,'PENELOPE','GUINESS'),
(2,'NICK','WAHLBERG'),
(3,'ED','CHASE'),
(4,'JENNIFER','DAVIS'),
(5,'JOHNNY','LOLLOBRIGIDA'),
(6,'BETTE','NICHOLSON'),
(7,'GRACE','MOSTEL'),
(8,'MATTHEW','JOHANSSON'),
(9,'JOE','SWANK'),
(10,'CHRISTIAN','GABLE'),
(11,'ZERO','CAGE'),
(12,'KARL','BERRY'),
(13,'UMA','WOOD'),
(14,'VIVIEN','BERGEN'),
(15,'CUBA','OLIVIER'),
(16,'FRED','COSTNER'),
(17,'HELEN','VOIGHT'),
(18,'DAN','TORN'),
(19,'BOB','FAWCETT'),
(20,'LUCILLE','TRACY'),
(21,'KIRSTEN','PALTROW'),
(22,'ELVIS','MARX'),
(23,'SANDRA','KILMER'),
(24,'CAMERON','STREEP'),
(25,'KEVIN','BLOOM'),
(26,'RIP','CRAWFORD'),
(27,'JULIA','MCQUEEN'),
(28,'WOODY','HOFFMAN'),
(29,'ALEC','WAYNE'),
(30,'SANDRA','PECK'),
(31,'SISSY','SOBIESKI'),
(32,'TIM','HACKMAN'),
(33,'MILLA','PECK'),
(34,'AUDREY','OLIVIER'),
(35,'JUDY','DEAN'),
(36,'BURT','DUKAKIS'),
(37,'VAL','BOLGER'),
(38,'TOM','MCKELLEN'),
(39,'GOLDIE','BRODY'),
(40,'JOHNNY','CAGE'),
(41,'JODIE','DEGENERES'),
(42,'TOM','MIRANDA'),
(43,'KIRK','JOVOVICH'),
(44,'NICK','STALLONE'),
(45,'REESE','KILMER'),
(46,'PARKER','GOLDBERG'),
(47,'JULIA','BARRYMORE'),
(48,'FRANCES','DAY-LEWIS'),
(49,'ANNE','CRONYN'),
(50,'NATALIE','HOPKINS'),
(51,'GARY','PHOENIX'),
(52,'CARMEN','HUNT'),
(53,'MENA','TEMPLE'),
(54,'PENELOPE','PINKETT'),
(55,'FAY','KILMER'),
(56,'DAN','HARRIS'),
(57,'JUDE','CRUISE'),
(58,'CHRISTIAN','AKROYD'),
(59,'DUSTIN','TAUTOU'),
(60,'HENRY','BERRY'),
(61,'CHRISTIAN','NEESON'),
(62,'JAYNE','NEESON'),
(63,'CAMERON','WRAY'),
(64,'RAY','JOHANSSON'),
(65,'ANGELA','HUDSON'),
(66,'MARY','TANDY'),
(67,'JESSICA','BAILEY'),
(68,'RIP','WINSLET'),
(69,'KENNETH','PALTROW'),
(70,'MICHELLE','MCCONAUGHEY'),
(71,'ADAM','GRANT'),
(72,'SEAN','WILLIAMS'),
(73,'GARY','PENN'),
(74,'MILLA','KEITEL'),
(75,'BURT','POSEY'),
(76,'ANGELINA','ASTAIRE'),
(77,'CARY','MCCONAUGHEY'),
(78,'GROUCHO','SINATRA'),
(79,'MAE','HOFFMAN'),
(80,'RALPH','CRUZ'),
(81,'SCARLETT','DAMON'),
(82,'WOODY','JOLIE'),
(83,'BEN','WILLIS'),
(84,'JAMES','PITT'),
(85,'MINNIE','ZELLWEGER'),
(86,'GREG','CHAPLIN'),
(87,'SPENCER','PECK'),
(88,'KENNETH','PESCI'),
(89,'CHARLIZE','DENCH'),
(90,'SEAN','GUINESS'),
(91,'CHRISTOPHER','BERRY'),
(92,'KIRSTEN','AKROYD'),
(93,'ELLEN','PRESLEY'),
(94,'KENNETH','TORN'),
(95,'DARYL','WAHLBERG'),
(96,'GENE','WILLIS'),
(97,'MEG','HAWKE'),
(98,'CHRIS','BRIDGES'),
(99,'JIM','MOSTEL'),
(100,'SPENCER','DEPP'),
(101,'SUSAN','DAVIS'),
(102,'WALTER','TORN'),
(103,'MATTHEW','LEIGH'),
(104,'PENELOPE','CRONYN'),
(105,'SIDNEY','CROWE'),
(106,'GROUCHO','DUNST'),
(107,'GINA','DEGENERES'),
(108,'WARREN','NOLTE'),
(109,'SYLVESTER','DERN'),
(110,'SUSAN','DAVIS'),
(111,'CAMERON','ZELLWEGER'),
(112,'RUSSELL','BACALL'),
(113,'MORGAN','HOPKINS'),
(114,'MORGAN','MCDORMAND'),
(115,'HARRISON','BALE'),
(116,'DAN','STREEP'),
(117,'RENEE','TRACY'),
(118,'CUBA','ALLEN'),
(119,'WARREN','JACKMAN'),
(120,'PENELOPE','MONROE'),
(121,'LIZA','BERGMAN'),
(122,'SALMA','NOLTE'),
(123,'JULIANNE','DENCH'),
(124,'SCARLETT','BENING'),
(125,'ALBERT','NOLTE'),
(126,'FRANCES','TOMEI'),
(127,'KEVIN','GARLAND'),
(128,'CATE','MCQUEEN'),
(129,'DARYL','CRAWFORD'),
(130,'GRETA','KEITEL'),
(131,'JANE','JACKMAN'),
(132,'ADAM','HOPPER'),
(133,'RICHARD','PENN'),
(134,'GENE','HOPKINS'),
(135,'RITA','REYNOLDS'),
(136,'ED','MANSFIELD'),
(137,'MORGAN','WILLIAMS'),
(138,'LUCILLE','DEE'),
(139,'EWAN','GOODING'),
(140,'WHOOPI','HURT'),
(141,'CATE','HARRIS'),
(142,'JADA','RYDER'),
(143,'RIVER','DEAN'),
(144,'ANGELA','WITHERSPOON'),
(145,'KIM','ALLEN'),
(146,'ALBERT','JOHANSSON'),
(147,'FAY','WINSLET'),
(148,'EMILY','DEE'),
(149,'RUSSELL','TEMPLE'),
(150,'JAYNE','NOLTE'),
(151,'GEOFFREY','HESTON'),
(152,'BEN','HARRIS'),
(153,'MINNIE','KILMER'),
(154,'MERYL','GIBSON'),
(155,'IAN','TANDY'),
(156,'FAY','WOOD'),
(157,'GRETA','MALDEN'),
(158,'VIVIEN','BASINGER'),
(159,'LAURA','BRODY'),
(160,'CHRIS','DEPP'),
(161,'HARVEY','HOPE'),
(162,'OPRAH','KILMER'),
(163,'CHRISTOPHER','WEST'),
(164,'HUMPHREY','WILLIS'),
(165,'AL','GARLAND'),
(166,'NICK','DEGENERES'),
(167,'LAURENCE','BULLOCK'),
(168,'WILL','WILSON'),
(169,'KENNETH','HOFFMAN'),
(170,'MENA','HOPPER'),
(171,'OLYMPIA','PFEIFFER'),
(172,'GROUCHO','WILLIAMS'),
(173,'ALAN','DREYFUSS'),
(174,'MICHAEL','BENING'),
(175,'WILLIAM','HACKMAN'),
(176,'JON','CHASE'),
(177,'GENE','MCKELLEN'),
(178,'LISA','MONROE'),
(179,'ED','GUINESS'),
(180,'JEFF','SILVERSTONE'),
(181,'MATTHEW','CARREY'),
(182,'DEBBIE','AKROYD'),
(183,'RUSSELL','CLOSE'),
(184,'HUMPHREY','GARLAND'),
(185,'MICHAEL','BOLGER'),
(186,'JULIA','ZELLWEGER'),
(187,'RENEE','BALL'),
(188,'ROCK','DUKAKIS'),
(189,'CUBA','BIRCH'),
(190,'AUDREY','BAILEY'),
(191,'GREGORY','GOODING'),
(192,'JOHN','SUVARI'),
(193,'BURT','TEMPLE'),
(194,'MERYL','ALLEN'),
(195,'JAYNE','SILVERSTONE'),
(196,'BELA','WALKEN'),
(197,'REESE','WEST'),
(198,'MARY','KEITEL'),
(199,'JULIA','FAWCETT'),
(200,'THORA','TEMPLE'),
(201,'YOHAN','MONTENEGRO'),
(202,'OLIVER','SMITH'),
(203,'JACK','JONES'),
(204,'CHARLIE','WILLIAMS'),
(205,'HARRY','TAYLOR'),
(206,'ORCAR','DAVIES'),
(207,'THOMAS','BROWN'),
(208,'ETHAN','WILSON'),
(209,'NOAH','EVANS'),
(210,'JAMES','THOMAS'),
(211,'JOSHUA','JOHNSON'),
(212,'GEORGE','ROBERTS'),
(213,'LEO','WALKER'),
(214,'MAX','WRIGHT'),
(215,'HENRY','ROBINSON'),
(216,'ALFIE','THOMPSON'),
(217,'LUCAS','WHITE'),
(218,'DANIEL','HUGLES'),
(219,'DYLAN','CURTIS'),
(220,'VICTOR','DANIEL');
COMMIT;

SET AUTOCOMMIT=0;
INSERT INTO CATEGORIA VALUES (1,'Action'),
(2,'Animation'),
(3,'Children'),
(4,'Classics'),
(5,'Comedy'),
(6,'Documentary'),
(7,'Drama'),
(8,'Family'),
(9,'Foreign'),
(10,'Games'),
(11,'Horror'),
(12,'Music'),
(13,'New'),
(14,'Sci-Fi'),
(15,'Sports'),
(16,'Travel');
COMMIT;

SET AUTOCOMMIT=0;
INSERT INTO IDIOMA VALUES (1,'English'),
(2,'Italian'),
(3,'Japanese'),
(4,'Mandarin'),
(5,'French'),
(6,'German'),
(7,'Brazil');
COMMIT;

SET AUTOCOMMIT=0;
INSERT INTO FILME VALUES (1,'ACADEMY DINOSAUR','A Epic Drama of a Feminist And a Mad Scientist who must Battle a Teacher in The Canadian Rockies',2005,1,6,'0.99',86,'20.99','PG','Deleted Scenes,Behind the Scenes'),
(2,'ACE GOLDFINGER','A Astounding Epistle of a Database Administrator And a Explorer who must Find a Car in Ancient China',2005,1,3,'4.99',48,'12.99','G','Trailers,Deleted Scenes'),
(3,'ADAPTATION HOLES','A Astounding Reflection of a Lumberjack And a Car who must Sink a Lumberjack in A Baloon Factory',2005,1,7,'2.99',50,'18.99','NC-17','Trailers,Deleted Scenes'),
(4,'AFFAIR PREJUDICE','A Fanciful Documentary of a Frisbee And a Lumberjack who must Chase a Monkey in A Shark Tank',2005,1,5,'2.99',117,'26.99','G','Commentaries,Behind the Scenes'),
(5,'AFRICAN EGG','A Fast-Paced Documentary of a Pastry Chef And a Dentist who must Pursue a Forensic Psychologist in The Gulf of Mexico',2005,1,6,'2.99',130,'22.99','G','Deleted Scenes'),
(6,'AGENT TRUMAN','A Intrepid Panorama of a Robot And a Boy who must Escape a Sumo Wrestler in Ancient China',2005,1,3,'2.99',169,'17.99','PG','Deleted Scenes'),
(7,'AIRPLANE SIERRA','A Touching Saga of a Hunter And a Butler who must Discover a Butler in A Jet Boat',2005,1,6,'4.99',62,'28.99','PG-13','Trailers,Deleted Scenes'),
(8,'AIRPORT POLLOCK','A Epic Tale of a Moose And a Girl who must Confront a Monkey in Ancient India',2005,1,6,'4.99',54,'15.99','R','Trailers'),
(9,'ALABAMA DEVIL','A Thoughtful Panorama of a Database Administrator And a Mad Scientist who must Outgun a Mad Scientist in A Jet Boat',2005,1,3,'2.99',114,'21.99','PG-13','Trailers,Deleted Scenes'),
(10,'ALADDIN CALENDAR','A Action-Packed Tale of a Man And a Lumberjack who must Reach a Feminist in Ancient China',2005,1,6,'4.99',63,'24.99','NC-17','Trailers,Deleted Scenes'),
(11,'ALAMO VIDEOTAPE','A Boring Epistle of a Butler And a Cat who must Fight a Pastry Chef in A MySQL Convention',2005,1,6,'0.99',126,'16.99','G','Commentaries,Behind the Scenes'),
(12,'ALASKA PHANTOM','A Fanciful Saga of a Hunter And a Pastry Chef who must Vanquish a Boy in Australia',2005,1,6,'0.99',136,'22.99','PG','Commentaries,Deleted Scenes'),
(13,'ALI FOREVER','A Action-Packed Drama of a Dentist And a Crocodile who must Battle a Feminist in The Canadian Rockies',2005,1,4,'4.99',150,'21.99','PG','Deleted Scenes,Behind the Scenes'),
(14,'ALICE FANTASIA','A Emotional Drama of a A Shark And a Database Administrator who must Vanquish a Pioneer in Soviet Georgia',2005,1,6,'0.99',94,'23.99','NC-17','Trailers,Deleted Scenes,Behind the Scenes'),
(15,'ALIEN CENTER','A Brilliant Drama of a Cat And a Mad Scientist who must Battle a Feminist in A MySQL Convention',2005,1,5,'2.99',46,'10.99','NC-17','Trailers,Commentaries,Behind the Scenes'),
(16,'ALLEY EVOLUTION','A Fast-Paced Drama of a Robot And a Composer who must Battle a Astronaut in New Orleans',2005,1,6,'2.99',180,'23.99','NC-17','Trailers,Commentaries'),
(17,'ALONE TRIP','A Fast-Paced Character Study of a Composer And a Dog who must Outgun a Boat in An Abandoned Fun House',2005,1,3,'0.99',82,'14.99','R','Trailers,Behind the Scenes'),
(18,'ALTER VICTORY','A Thoughtful Drama of a Composer And a Feminist who must Meet a Secret Agent in The Canadian Rockies',2005,1,6,'0.99',57,'27.99','PG-13','Trailers,Behind the Scenes'),
(19,'AMADEUS HOLY','A Emotional Display of a Pioneer And a Technical Writer who must Battle a Man in A Baloon',2005,1,6,'0.99',113,'20.99','PG','Commentaries,Deleted Scenes,Behind the Scenes'),
(20,'AMELIE HELLFIGHTERS','A Boring Drama of a Woman And a Squirrel who must Conquer a Student in A Baloon',2005,1,4,'4.99',79,'23.99','R','Commentaries,Deleted Scenes,Behind the Scenes'),
(21,'AMERICAN CIRCUS','A Insightful Drama of a Girl And a Astronaut who must Face a Database Administrator in A Shark Tank',2005,1,3,'4.99',129,'17.99','R','Commentaries,Behind the Scenes'),
(22,'AMISTAD MIDSUMMER','A Emotional Character Study of a Dentist And a Crocodile who must Meet a Sumo Wrestler in California',2005,1,6,'2.99',85,'10.99','G','Commentaries,Behind the Scenes'),
(23,'ANACONDA CONFESSIONS','A Lacklusture Display of a Dentist And a Dentist who must Fight a Girl in Australia',2005,1,3,'0.99',92,'9.99','R','Trailers,Deleted Scenes'),
(24,'ANALYZE HOOSIERS','A Thoughtful Display of a Explorer And a Pastry Chef who must Overcome a Feminist in The Sahara Desert',2005,1,6,'2.99',181,'19.99','R','Trailers,Behind the Scenes'),
(25,'ANGELS LIFE','A Thoughtful Display of a Woman And a Astronaut who must Battle a Robot in Berlin',2005,1,3,'2.99',74,'15.99','G','Trailers'),
(26,'ANNIE IDENTITY','A Amazing Panorama of a Pastry Chef And a Boat who must Escape a Woman in An Abandoned Amusement Park',2005,1,3,'0.99',86,'15.99','G','Commentaries,Deleted Scenes'),
(27,'ANONYMOUS HUMAN','A Amazing Reflection of a Database Administrator And a Astronaut who must Outrace a Database Administrator in A Shark Tank',2005,1,7,'0.99',179,'12.99','NC-17','Deleted Scenes,Behind the Scenes'),
(28,'ANTHEM LUKE','A Touching Panorama of a Waitress And a Woman who must Outrace a Dog in An Abandoned Amusement Park',2005,1,5,'4.99',91,'16.99','PG-13','Deleted Scenes,Behind the Scenes'),
(29,'ANTITRUST TOMATOES','A Fateful Yarn of a Womanizer And a Feminist who must Succumb a Database Administrator in Ancient India',2005,1,5,'2.99',168,'11.99','NC-17','Trailers,Commentaries,Deleted Scenes'),
(30,'ANYTHING SAVANNAH','A Epic Story of a Pastry Chef And a Woman who must Chase a Feminist in An Abandoned Fun House',2005,1,4,'2.99',82,'27.99','R','Trailers,Deleted Scenes,Behind the Scenes'),
(31,'APACHE DIVINE','A Awe-Inspiring Reflection of a Pastry Chef And a Teacher who must Overcome a Sumo Wrestler in A U-Boat',2005,1,5,'4.99',92,'16.99','NC-17','Commentaries,Deleted Scenes,Behind the Scenes'),
(32,'APOCALYPSE FLAMINGOS','A Astounding Story of a Dog And a Squirrel who must Defeat a Woman in An Abandoned Amusement Park',2005,1,6,'4.99',119,'11.99','R','Trailers,Commentaries'),
(33,'APOLLO TEEN','A Action-Packed Reflection of a Crocodile And a Explorer who must Find a Sumo Wrestler in An Abandoned Mine Shaft',2005,1,5,'2.99',153,'15.99','PG-13','Trailers,Commentaries,Deleted Scenes,Behind the Scenes'),
(34,'ARABIA DOGMA','A Touching Epistle of a Madman And a Mad Cow who must Defeat a Student in Nigeria',2005,1,6,'0.99',62,'29.99','NC-17','Commentaries,Deleted Scenes'),
(35,'ARACHNOPHOBIA ROLLERCOASTER','A Action-Packed Reflection of a Pastry Chef And a Composer who must Discover a Mad Scientist in The First Manned Space Station',2005,1,4,'2.99',147,'24.99','PG-13','Trailers,Deleted Scenes,Behind the Scenes'),
(36,'ARGONAUTS TOWN','A Emotional Epistle of a Forensic Psychologist And a Butler who must Challenge a Waitress in An Abandoned Mine Shaft',2005,1,7,'0.99',127,'12.99','PG-13','Trailers,Commentaries'),
(37,'ARIZONA BANG','A Brilliant Panorama of a Mad Scientist And a Mad Cow who must Meet a Pioneer in A Monastery',2005,1,3,'2.99',121,'28.99','PG','Trailers,Deleted Scenes'),
(38,'ARK RIDGEMONT','A Beautiful Yarn of a Pioneer And a Monkey who must Pursue a Explorer in The Sahara Desert',2005,1,6,'0.99',68,'25.99','NC-17','Trailers,Commentaries,Deleted Scenes,Behind the Scenes'),
(39,'ARMAGEDDON LOST','A Fast-Paced Tale of a Boat And a Teacher who must Succumb a Composer in An Abandoned Mine Shaft',2005,1,5,'0.99',99,'10.99','G','Trailers'),
(40,'ARMY FLINTSTONES','A Boring Saga of a Database Administrator And a Womanizer who must Battle a Waitress in Nigeria',2005,1,4,'0.99',148,'22.99','R','Trailers,Commentaries'),
(41,'ARSENIC INDEPENDENCE','A Fanciful Documentary of a Mad Cow And a Womanizer who must Find a Dentist in Berlin',2005,1,4,'0.99',137,'17.99','PG','Trailers,Deleted Scenes,Behind the Scenes'),
(42,'ARTIST COLDBLOODED','A Stunning Reflection of a Robot And a Moose who must Challenge a Woman in California',2005,1,5,'2.99',170,'10.99','NC-17','Trailers,Behind the Scenes'),
(43,'ATLANTIS CAUSE','A Thrilling Yarn of a Feminist And a Hunter who must Fight a Technical Writer in A Shark Tank',2005,1,6,'2.99',170,'15.99','G','Behind the Scenes'),
(44,'ATTACKS HATE','A Fast-Paced Panorama of a Technical Writer And a Mad Scientist who must Find a Feminist in An Abandoned Mine Shaft',2005,1,5,'4.99',113,'21.99','PG-13','Trailers,Behind the Scenes'),
(45,'ATTRACTION NEWTON','A Astounding Panorama of a Composer And a Frisbee who must Reach a Husband in Ancient Japan',2005,1,5,'4.99',83,'14.99','PG-13','Trailers,Behind the Scenes'),
(46,'AUTUMN CROW','A Beautiful Tale of a Dentist And a Mad Cow who must Battle a Moose in The Sahara Desert',2005,1,3,'4.99',108,'13.99','G','Trailers,Commentaries,Deleted Scenes,Behind the Scenes'),
(47,'BABY HALL','A Boring Character Study of a A Shark And a Girl who must Outrace a Feminist in An Abandoned Mine Shaft',2005,1,5,'4.99',153,'23.99','NC-17','Commentaries'),
(48,'BACKLASH UNDEFEATED','A Stunning Character Study of a Mad Scientist And a Mad Cow who must Kill a Car in A Monastery',2005,1,3,'4.99',118,'24.99','PG-13','Trailers,Behind the Scenes'),
(49,'BADMAN DAWN','A Emotional Panorama of a Pioneer And a Composer who must Escape a Mad Scientist in A Jet Boat',2005,1,6,'2.99',162,'22.99','R','Trailers,Commentaries,Behind the Scenes'),
(50,'BAKED CLEOPATRA','A Stunning Drama of a Forensic Psychologist And a Husband who must Overcome a Waitress in A Monastery',2005,1,3,'2.99',182,'20.99','G','Commentaries,Behind the Scenes'),
(51,'BALLOON HOMEWARD','A Insightful Panorama of a Forensic Psychologist And a Mad Cow who must Build a Mad Scientist in The First Manned Space Station',2005,1,5,'2.99',75,'10.99','NC-17','Deleted Scenes'),
(52,'BALLROOM MOCKINGBIRD','A Thrilling Documentary of a Composer And a Monkey who must Find a Feminist in California',2005,1,6,'0.99',173,'29.99','G','Commentaries,Deleted Scenes'),
(53,'BANG KWAI','A Epic Drama of a Madman And a Cat who must Face a A Shark in An Abandoned Amusement Park',2005,1,5,'2.99',87,'25.99','NC-17','Commentaries,Deleted Scenes,Behind the Scenes'),
(54,'BANGER PINOCCHIO','A Awe-Inspiring Drama of a Car And a Pastry Chef who must Chase a Crocodile in The First Manned Space Station',2005,1,5,'0.99',113,'15.99','R','Trailers,Commentaries,Deleted Scenes'),
(55,'BARBARELLA STREETCAR','A Awe-Inspiring Story of a Feminist And a Cat who must Conquer a Dog in A Monastery',2005,1,6,'2.99',65,'27.99','G','Behind the Scenes'),
(56,'BAREFOOT MANCHURIAN','A Intrepid Story of a Cat And a Student who must Vanquish a Girl in An Abandoned Amusement Park',2005,1,6,'2.99',129,'15.99','G','Trailers,Commentaries'),
(57,'BASIC EASY','A Stunning Epistle of a Man And a Husband who must Reach a Mad Scientist in A Jet Boat',2005,1,4,'2.99',90,'18.99','PG-13','Deleted Scenes'),
(58,'BEACH HEARTBREAKERS','A Fateful Display of a Womanizer And a Mad Scientist who must Outgun a A Shark in Soviet Georgia',2005,1,6,'2.99',122,'16.99','G','Deleted Scenes,Behind the Scenes'),
(59,'BEAR GRACELAND','A Astounding Saga of a Dog And a Boy who must Kill a Teacher in The First Manned Space Station',2005,1,4,'2.99',160,'20.99','R','Deleted Scenes'),
(60,'BEAST HUNCHBACK','A Awe-Inspiring Epistle of a Student And a Squirrel who must Defeat a Boy in Ancient China',2005,1,3,'4.99',89,'22.99','R','Deleted Scenes,Behind the Scenes'),
(61,'BEAUTY GREASE','A Fast-Paced Display of a Composer And a Moose who must Sink a Robot in An Abandoned Mine Shaft',2005,1,5,'4.99',175,'28.99','G','Trailers,Commentaries'),
(62,'BED HIGHBALL','A Astounding Panorama of a Lumberjack And a Dog who must Redeem a Woman in An Abandoned Fun House',2005,2,5,'2.99',106,'23.99','NC-17','Trailers,Commentaries,Deleted Scenes'),
(63,'BEDAZZLED MARRIED','A Astounding Character Study of a Madman And a Robot who must Meet a Mad Scientist in An Abandoned Fun House',2005,2,6,'0.99',73,'21.99','PG','Trailers,Deleted Scenes,Behind the Scenes'),
(64,'BEETHOVEN EXORCIST','A Epic Display of a Pioneer And a Student who must Challenge a Butler in The Gulf of Mexico',2005,2,6,'0.99',151,'26.99','PG-13','Commentaries,Behind the Scenes'),
(65,'BEHAVIOR RUNAWAY','A Unbelieveable Drama of a Student And a Husband who must Outrace a Sumo Wrestler in Berlin',2005,2,3,'4.99',100,'20.99','PG','Trailers,Deleted Scenes,Behind the Scenes'),
(66,'BENEATH RUSH','A Astounding Panorama of a Man And a Monkey who must Discover a Man in The First Manned Space Station',2005,2,6,'0.99',53,'27.99','NC-17','Commentaries,Deleted Scenes'),
(67,'BERETS AGENT','A Taut Saga of a Crocodile And a Boy who must Overcome a Technical Writer in Ancient China',2005,2,5,'2.99',77,'24.99','PG-13','Deleted Scenes'),
(68,'BETRAYED REAR','A Emotional Character Study of a Boat And a Pioneer who must Find a Explorer in A Shark Tank',2005,2,5,'4.99',122,'26.99','NC-17','Commentaries,Deleted Scenes,Behind the Scenes'),
(69,'BEVERLY OUTLAW','A Fanciful Documentary of a Womanizer And a Boat who must Defeat a Madman in The First Manned Space Station',2005,2,3,'2.99',85,'21.99','R','Trailers'),
(70,'BIKINI BORROWERS','A Astounding Drama of a Astronaut And a Cat who must Discover a Woman in The First Manned Space Station',2005,2,7,'4.99',142,'26.99','NC-17','Commentaries,Deleted Scenes'),
(71,'BILKO ANONYMOUS','A Emotional Reflection of a Teacher And a Man who must Meet a Cat in The First Manned Space Station',2005,2,3,'4.99',100,'25.99','PG-13','Commentaries,Deleted Scenes,Behind the Scenes'),
(72,'BILL OTHERS','A Stunning Saga of a Mad Scientist And a Forensic Psychologist who must Challenge a Squirrel in A MySQL Convention',2005,2,6,'2.99',93,'12.99','PG','Trailers,Commentaries'),
(73,'BINGO TALENTED','A Touching Tale of a Girl And a Crocodile who must Discover a Waitress in Nigeria',2005,2,5,'2.99',150,'22.99','PG-13','Trailers,Commentaries'),
(74,'BIRCH ANTITRUST','A Fanciful Panorama of a Husband And a Pioneer who must Outgun a Dog in A Baloon',2005,2,4,'4.99',162,'18.99','PG','Trailers,Commentaries,Deleted Scenes'),
(75,'BIRD INDEPENDENCE','A Thrilling Documentary of a Car And a Student who must Sink a Hunter in The Canadian Rockies',2005,2,6,'4.99',163,'14.99','G','Commentaries,Behind the Scenes'),
(76,'BIRDCAGE CASPER','A Fast-Paced Saga of a Frisbee And a Astronaut who must Overcome a Feminist in Ancient India',2005,2,4,'0.99',103,'23.99','NC-17','Commentaries,Deleted Scenes,Behind the Scenes'),
(77,'BIRDS PERDITION','A Boring Story of a Womanizer And a Pioneer who must Face a Dog in California',2005,2,5,'4.99',61,'15.99','G','Trailers,Behind the Scenes'),
(78,'BLACKOUT PRIVATE','A Intrepid Yarn of a Pastry Chef And a Mad Scientist who must Challenge a Secret Agent in Ancient Japan',2005,2,7,'2.99',85,'12.99','PG','Trailers,Deleted Scenes'),
(79,'BLADE POLISH','A Thoughtful Character Study of a Frisbee And a Pastry Chef who must Fight a Dentist in The First Manned Space Station',2005,2,5,'0.99',114,'10.99','PG-13','Trailers,Behind the Scenes'),
(80,'BLANKET BEVERLY','A Emotional Documentary of a Student And a Girl who must Build a Boat in Nigeria',2005,2,7,'2.99',148,'21.99','G','Trailers'),
(81,'BLINDNESS GUN','A Touching Drama of a Robot And a Dentist who must Meet a Hunter in A Jet Boat',2005,2,6,'4.99',103,'29.99','PG-13','Trailers,Behind the Scenes'),
(82,'BLOOD ARGONAUTS','A Boring Drama of a Explorer And a Man who must Kill a Lumberjack in A Manhattan Penthouse',2005,2,3,'0.99',71,'13.99','G','Trailers,Commentaries,Behind the Scenes'),
(83,'BLUES INSTINCT','A Insightful Documentary of a Boat And a Composer who must Meet a Forensic Psychologist in An Abandoned Fun House',2005,2,5,'2.99',50,'18.99','G','Trailers,Deleted Scenes,Behind the Scenes'),
(84,'BOILED DARES','A Awe-Inspiring Story of a Waitress And a Dog who must Discover a Dentist in Ancient Japan',2005,2,7,'4.99',102,'13.99','PG','Trailers,Commentaries'),
(85,'BONNIE HOLOCAUST','A Fast-Paced Story of a Crocodile And a Robot who must Find a Moose in Ancient Japan',2005,2,4,'0.99',63,'29.99','G','Deleted Scenes'),
(86,'BOOGIE AMELIE','A Lacklusture Character Study of a Husband And a Sumo Wrestler who must Succumb a Technical Writer in The Gulf of Mexico',2005,2,6,'4.99',121,'11.99','R','Commentaries,Behind the Scenes'),
(87,'BOONDOCK BALLROOM','A Fateful Panorama of a Crocodile And a Boy who must Defeat a Monkey in The Gulf of Mexico',2005,2,7,'0.99',76,'14.99','NC-17','Behind the Scenes'),
(88,'BORN SPINAL','A Touching Epistle of a Frisbee And a Husband who must Pursue a Student in Nigeria',2005,2,7,'4.99',179,'17.99','PG','Trailers,Commentaries,Deleted Scenes'),
(89,'BORROWERS BEDAZZLED','A Brilliant Epistle of a Teacher And a Sumo Wrestler who must Defeat a Man in An Abandoned Fun House',2005,2,7,'0.99',63,'22.99','G','Commentaries,Deleted Scenes,Behind the Scenes'),
(90,'BOULEVARD MOB','A Fateful Epistle of a Moose And a Monkey who must Confront a Lumberjack in Ancient China',2005,2,3,'0.99',63,'11.99','R','Trailers'),
(91,'BOUND CHEAPER','A Thrilling Panorama of a Database Administrator And a Astronaut who must Challenge a Lumberjack in A Baloon',2005,2,5,'0.99',98,'17.99','PG','Behind the Scenes'),
(92,'BOWFINGER GABLES','A Fast-Paced Yarn of a Waitress And a Composer who must Outgun a Dentist in California',2005,2,7,'4.99',72,'19.99','NC-17','Trailers,Deleted Scenes'),
(93,'BRANNIGAN SUNRISE','A Amazing Epistle of a Moose And a Crocodile who must Outrace a Dog in Berlin',2005,2,4,'4.99',121,'27.99','PG','Trailers'),
(94,'BRAVEHEART HUMAN','A Insightful Story of a Dog And a Pastry Chef who must Battle a Girl in Berlin',2005,2,7,'2.99',176,'14.99','PG-13','Trailers,Deleted Scenes'),
(95,'BREAKFAST GOLDFINGER','A Beautiful Reflection of a Student And a Student who must Fight a Moose in Berlin',2005,2,5,'4.99',123,'18.99','G','Trailers,Commentaries,Deleted Scenes'),
(96,'BREAKING HOME','A Beautiful Display of a Secret Agent And a Monkey who must Battle a Sumo Wrestler in An Abandoned Mine Shaft',2005,2,4,'2.99',169,'21.99','PG-13','Trailers,Commentaries'),
(97,'BRIDE INTRIGUE','A Epic Tale of a Robot And a Monkey who must Vanquish a Man in New Orleans',2005,2,7,'0.99',56,'24.99','G','Trailers,Commentaries,Behind the Scenes'),
(98,'BRIGHT ENCOUNTERS','A Fateful Yarn of a Lumberjack And a Feminist who must Conquer a Student in A Jet Boat',2005,2,4,'4.99',73,'12.99','PG-13','Trailers'),
(99,'BRINGING HYSTERICAL','A Fateful Saga of a A Shark And a Technical Writer who must Find a Woman in A Jet Boat',2005,2,7,'2.99',136,'14.99','PG','Trailers'),
(100,'BROOKLYN DESERT','A Beautiful Drama of a Dentist And a Composer who must Battle a Sumo Wrestler in The First Manned Space Station',2005,2,7,'4.99',161,'21.99','R','Commentaries'),
(101,'BROTHERHOOD BLANKET','A Fateful Character Study of a Butler And a Technical Writer who must Sink a Astronaut in Ancient Japan',2005,2,3,'0.99',73,'26.99','R','Behind the Scenes'),
(102,'BUBBLE GROSSE','A Awe-Inspiring Panorama of a Crocodile And a Moose who must Confront a Girl in A Baloon',2005,2,4,'4.99',60,'20.99','R','Trailers,Commentaries,Deleted Scenes,Behind the Scenes'),
(103,'BUCKET BROTHERHOOD','A Amazing Display of a Girl And a Womanizer who must Succumb a Lumberjack in A Baloon Factory',2005,2,7,'4.99',133,'27.99','PG','Commentaries,Deleted Scenes'),
(104,'BUGSY SONG','A Awe-Inspiring Character Study of a Secret Agent And a Boat who must Find a Squirrel in The First Manned Space Station',2005,2,4,'2.99',119,'17.99','G','Commentaries'),
(105,'BULL SHAWSHANK','A Fanciful Drama of a Moose And a Squirrel who must Conquer a Pioneer in The Canadian Rockies',2005,2,6,'0.99',125,'21.99','NC-17','Deleted Scenes'),
(106,'BULWORTH COMMANDMENTS','A Amazing Display of a Mad Cow And a Pioneer who must Redeem a Sumo Wrestler in The Outback',2005,2,4,'2.99',61,'14.99','G','Trailers'),
(107,'BUNCH MINDS','A Emotional Story of a Feminist And a Feminist who must Escape a Pastry Chef in A MySQL Convention',2005,2,4,'2.99',63,'13.99','G','Behind the Scenes'),
(108,'BUTCH PANTHER','A Lacklusture Yarn of a Feminist And a Database Administrator who must Face a Hunter in New Orleans',2005,2,6,'0.99',67,'19.99','PG-13','Trailers,Commentaries,Deleted Scenes'),
(109,'BUTTERFLY CHOCOLAT','A Fateful Story of a Girl And a Composer who must Conquer a Husband in A Shark Tank',2005,2,3,'0.99',89,'17.99','G','Behind the Scenes'),
(110,'CABIN FLASH','A Stunning Epistle of a Boat And a Man who must Challenge a A Shark in A Baloon Factory',2005,2,4,'0.99',53,'25.99','NC-17','Commentaries,Deleted Scenes'),
(111,'CADDYSHACK JEDI','A Awe-Inspiring Epistle of a Woman And a Madman who must Fight a Robot in Soviet Georgia',2005,2,3,'0.99',52,'17.99','NC-17','Commentaries,Deleted Scenes'),
(112,'CALENDAR GUNFIGHT','A Thrilling Drama of a Frisbee And a Lumberjack who must Sink a Man in Nigeria',2005,2,4,'4.99',120,'22.99','NC-17','Trailers,Commentaries,Behind the Scenes'),
(113,'CALIFORNIA BIRDS','A Thrilling Yarn of a Database Administrator And a Robot who must Battle a Database Administrator in Ancient India',2005,2,4,'4.99',75,'19.99','NC-17','Trailers,Commentaries,Deleted Scenes'),
(114,'CAMELOT VACATION','A Touching Character Study of a Woman And a Waitress who must Battle a Pastry Chef in A MySQL Convention',2005,2,3,'0.99',61,'26.99','NC-17','Trailers,Commentaries,Deleted Scenes,Behind the Scenes'),
(115,'CAMPUS REMEMBER','A Astounding Drama of a Crocodile And a Mad Cow who must Build a Robot in A Jet Boat',2005,2,5,'2.99',167,'27.99','R','Behind the Scenes'),
(116,'CANDIDATE PERDITION','A Brilliant Epistle of a Composer And a Database Administrator who must Vanquish a Mad Scientist in The First Manned Space Station',2005,2,4,'2.99',70,'10.99','R','Deleted Scenes,Behind the Scenes'),
(117,'CANDLES GRAPES','A Fanciful Character Study of a Monkey And a Explorer who must Build a Astronaut in An Abandoned Fun House',2005,2,6,'4.99',135,'15.99','NC-17','Trailers,Deleted Scenes'),
(118,'CANYON STOCK','A Thoughtful Reflection of a Waitress And a Feminist who must Escape a Squirrel in A Manhattan Penthouse',2005,2,7,'0.99',85,'26.99','R','Trailers,Deleted Scenes'),
(119,'CAPER MOTIONS','A Fateful Saga of a Moose And a Car who must Pursue a Woman in A MySQL Convention',2005,2,6,'0.99',176,'22.99','G','Trailers,Commentaries,Deleted Scenes'),
(120,'CARIBBEAN LIBERTY','A Fanciful Tale of a Pioneer And a Technical Writer who must Outgun a Pioneer in A Shark Tank',2005,2,3,'4.99',92,'16.99','NC-17','Commentaries,Deleted Scenes'),
(121,'CAROL TEXAS','A Astounding Character Study of a Composer And a Student who must Overcome a Composer in A Monastery',2005,2,4,'2.99',151,'15.99','PG','Trailers,Behind the Scenes'),
(122,'CARRIE BUNCH','A Amazing Epistle of a Student And a Astronaut who must Discover a Frisbee in The Canadian Rockies',2005,2,7,'0.99',114,'11.99','PG','Trailers,Commentaries,Behind the Scenes'),
(123,'CASABLANCA SUPER','A Amazing Panorama of a Crocodile And a Forensic Psychologist who must Pursue a Secret Agent in The First Manned Space Station',2005,2,6,'4.99',85,'22.99','G','Trailers,Deleted Scenes,Behind the Scenes'),
(124,'CASPER DRAGONFLY','A Intrepid Documentary of a Boat And a Crocodile who must Chase a Robot in The Sahara Desert',2005,2,3,'4.99',163,'16.99','PG-13','Trailers'),
(125,'CASSIDY WYOMING','A Intrepid Drama of a Frisbee And a Hunter who must Kill a Secret Agent in New Orleans',2005,2,5,'2.99',61,'19.99','NC-17','Commentaries,Behind the Scenes'),
(126,'CASUALTIES ENCINO','A Insightful Yarn of a A Shark And a Pastry Chef who must Face a Boy in A Monastery',2005,2,3,'4.99',179,'16.99','G','Trailers'),
(127,'CAT CONEHEADS','A Fast-Paced Panorama of a Girl And a A Shark who must Confront a Boy in Ancient India',2005,2,5,'4.99',112,'14.99','G','Commentaries,Deleted Scenes'),
(128,'CATCH AMISTAD','A Boring Reflection of a Lumberjack And a Feminist who must Discover a Woman in Nigeria',2005,2,7,'0.99',183,'10.99','G','Trailers,Behind the Scenes'),
(129,'CAUSE DATE','A Taut Tale of a Explorer And a Pastry Chef who must Conquer a Hunter in A MySQL Convention',2005,2,3,'2.99',179,'16.99','R','Commentaries,Deleted Scenes,Behind the Scenes'),
(130,'CELEBRITY HORN','A Amazing Documentary of a Secret Agent And a Astronaut who must Vanquish a Hunter in A Shark Tank',2005,3,7,'0.99',110,'24.99','PG-13','Deleted Scenes,Behind the Scenes'),
(131,'CENTER DINOSAUR','A Beautiful Character Study of a Sumo Wrestler And a Dentist who must Find a Dog in California',2005,3,5,'4.99',152,'12.99','PG','Deleted Scenes'),
(132,'CHAINSAW UPTOWN','A Beautiful Documentary of a Boy And a Robot who must Discover a Squirrel in Australia',2005,3,6,'0.99',114,'25.99','PG','Deleted Scenes,Behind the Scenes'),
(133,'CHAMBER ITALIAN','A Fateful Reflection of a Moose And a Husband who must Overcome a Monkey in Nigeria',2005,3,7,'4.99',117,'14.99','NC-17','Trailers'),
(134,'CHAMPION FLATLINERS','A Amazing Story of a Mad Cow And a Dog who must Kill a Husband in A Monastery',2005,3,4,'4.99',51,'21.99','PG','Trailers'),
(135,'CHANCE RESURRECTION','A Astounding Story of a Forensic Psychologist And a Forensic Psychologist who must Overcome a Moose in Ancient China',2005,3,3,'2.99',70,'22.99','R','Commentaries,Deleted Scenes,Behind the Scenes'),
(136,'CHAPLIN LICENSE','A Boring Drama of a Dog And a Forensic Psychologist who must Outrace a Explorer in Ancient India',2005,3,7,'2.99',146,'26.99','NC-17','Behind the Scenes'),
(137,'CHARADE DUFFEL','A Action-Packed Display of a Man And a Waitress who must Build a Dog in A MySQL Convention',2005,3,3,'2.99',66,'21.99','PG','Trailers,Deleted Scenes,Behind the Scenes'),
(138,'CHARIOTS CONSPIRACY','A Unbelieveable Epistle of a Robot And a Husband who must Chase a Robot in The First Manned Space Station',2005,3,5,'2.99',71,'29.99','R','Deleted Scenes,Behind the Scenes'),
(139,'CHASING FIGHT','A Astounding Saga of a Technical Writer And a Butler who must Battle a Butler in A Shark Tank',2005,3,7,'4.99',114,'21.99','PG','Trailers,Commentaries'),
(140,'CHEAPER CLYDE','A Emotional Character Study of a Pioneer And a Girl who must Discover a Dog in Ancient Japan',2005,3,6,'0.99',87,'23.99','G','Trailers,Commentaries,Behind the Scenes'),
(141,'CHICAGO NORTH','A Fateful Yarn of a Mad Cow And a Waitress who must Battle a Student in California',2005,3,6,'4.99',185,'11.99','PG-13','Deleted Scenes,Behind the Scenes'),
(142,'CHICKEN HELLFIGHTERS','A Emotional Drama of a Dog And a Explorer who must Outrace a Technical Writer in Australia',2005,3,3,'0.99',122,'24.99','PG','Trailers,Commentaries,Deleted Scenes,Behind the Scenes'),
(143,'CHILL LUCK','A Lacklusture Epistle of a Boat And a Technical Writer who must Fight a A Shark in The Canadian Rockies',2005,3,6,'0.99',142,'17.99','PG','Trailers,Commentaries,Deleted Scenes'),
(144,'CHINATOWN GLADIATOR','A Brilliant Panorama of a Technical Writer And a Lumberjack who must Escape a Butler in Ancient India',2005,3,7,'4.99',61,'24.99','PG','Trailers,Commentaries,Deleted Scenes'),
(145,'CHISUM BEHAVIOR','A Epic Documentary of a Sumo Wrestler And a Butler who must Kill a Car in Ancient India',2005,3,5,'4.99',124,'25.99','G','Trailers,Commentaries,Behind the Scenes'),
(146,'CHITTY LOCK','A Boring Epistle of a Boat And a Database Administrator who must Kill a Sumo Wrestler in The First Manned Space Station',2005,3,6,'2.99',107,'24.99','G','Commentaries'),
(147,'CHOCOLAT HARRY','A Action-Packed Epistle of a Dentist And a Moose who must Meet a Mad Cow in Ancient Japan',2005,3,5,'0.99',101,'16.99','NC-17','Commentaries,Behind the Scenes'),
(148,'CHOCOLATE DUCK','A Unbelieveable Story of a Mad Scientist And a Technical Writer who must Discover a Composer in Ancient China',2005,3,3,'2.99',132,'13.99','R','Trailers,Commentaries,Behind the Scenes'),
(149,'CHRISTMAS MOONSHINE','A Action-Packed Epistle of a Feminist And a Astronaut who must Conquer a Boat in A Manhattan Penthouse',2005,3,7,'0.99',150,'21.99','NC-17','Trailers,Commentaries,Behind the Scenes'),
(150,'CIDER DESIRE','A Stunning Character Study of a Composer And a Mad Cow who must Succumb a Cat in Soviet Georgia',2005,3,7,'2.99',101,'9.99','PG','Behind the Scenes'),
(151,'CINCINATTI WHISPERER','A Brilliant Saga of a Pastry Chef And a Hunter who must Confront a Butler in Berlin',2005,3,5,'4.99',143,'26.99','NC-17','Deleted Scenes'),
(152,'CIRCUS YOUTH','A Thoughtful Drama of a Pastry Chef And a Dentist who must Pursue a Girl in A Baloon',2005,3,5,'2.99',90,'13.99','PG-13','Trailers,Deleted Scenes,Behind the Scenes'),
(153,'CITIZEN SHREK','A Fanciful Character Study of a Technical Writer And a Husband who must Redeem a Robot in The Outback',2005,3,7,'0.99',165,'18.99','G','Commentaries,Deleted Scenes'),
(154,'CLASH FREDDY','A Amazing Yarn of a Composer And a Squirrel who must Escape a Astronaut in Australia',2005,3,6,'2.99',81,'12.99','G','Commentaries,Deleted Scenes'),
(155,'CLEOPATRA DEVIL','A Fanciful Documentary of a Crocodile And a Technical Writer who must Fight a A Shark in A Baloon',2005,3,6,'0.99',150,'26.99','PG-13','Trailers,Deleted Scenes,Behind the Scenes'),
(156,'CLERKS ANGELS','A Thrilling Display of a Sumo Wrestler And a Girl who must Confront a Man in A Baloon',2005,3,3,'4.99',164,'15.99','G','Commentaries'),
(157,'CLOCKWORK PARADISE','A Insightful Documentary of a Technical Writer And a Feminist who must Challenge a Cat in A Baloon',2005,3,7,'0.99',143,'29.99','PG-13','Trailers,Commentaries,Deleted Scenes,Behind the Scenes'),
(158,'CLONES PINOCCHIO','A Amazing Drama of a Car And a Robot who must Pursue a Dentist in New Orleans',2005,3,6,'2.99',124,'16.99','R','Behind the Scenes'),
(159,'CLOSER BANG','A Unbelieveable Panorama of a Frisbee And a Hunter who must Vanquish a Monkey in Ancient India',2005,3,5,'4.99',58,'12.99','R','Trailers,Behind the Scenes'),
(160,'CLUB GRAFFITI','A Epic Tale of a Pioneer And a Hunter who must Escape a Girl in A U-Boat',2005,3,4,'0.99',65,'12.99','PG-13','Trailers,Deleted Scenes'),
(161,'CLUE GRAIL','A Taut Tale of a Butler And a Mad Scientist who must Build a Crocodile in Ancient China',2005,3,6,'4.99',70,'27.99','NC-17','Trailers,Commentaries,Behind the Scenes'),
(162,'CLUELESS BUCKET','A Taut Tale of a Car And a Pioneer who must Conquer a Sumo Wrestler in An Abandoned Fun House',2005,3,4,'2.99',95,'13.99','R','Trailers,Deleted Scenes,Behind the Scenes'),
(163,'CLYDE THEORY','A Beautiful Yarn of a Astronaut And a Frisbee who must Overcome a Explorer in A Jet Boat',2005,3,4,'0.99',139,'29.99','PG-13','Commentaries,Deleted Scenes,Behind the Scenes'),
(164,'COAST RAINBOW','A Astounding Documentary of a Mad Cow And a Pioneer who must Challenge a Butler in The Sahara Desert',2005,3,4,'0.99',55,'20.99','PG','Trailers,Commentaries,Deleted Scenes,Behind the Scenes'),
(165,'COLDBLOODED DARLING','A Brilliant Panorama of a Dentist And a Moose who must Find a Student in The Gulf of Mexico',2005,3,7,'4.99',70,'27.99','G','Trailers,Deleted Scenes'),
(166,'COLOR PHILADELPHIA','A Thoughtful Panorama of a Car And a Crocodile who must Sink a Monkey in The Sahara Desert',2005,3,6,'2.99',149,'19.99','G','Commentaries,Behind the Scenes'),
(167,'COMA HEAD','A Awe-Inspiring Drama of a Boy And a Frisbee who must Escape a Pastry Chef in California',2005,3,6,'4.99',109,'10.99','NC-17','Commentaries'),
(168,'COMANCHEROS ENEMY','A Boring Saga of a Lumberjack And a Monkey who must Find a Monkey in The Gulf of Mexico',2005,3,5,'0.99',67,'23.99','R','Trailers,Behind the Scenes'),
(169,'COMFORTS RUSH','A Unbelieveable Panorama of a Pioneer And a Husband who must Meet a Mad Cow in An Abandoned Mine Shaft',2005,3,3,'2.99',76,'19.99','NC-17','Commentaries,Behind the Scenes'),
(170,'COMMAND DARLING','A Awe-Inspiring Tale of a Forensic Psychologist And a Woman who must Challenge a Database Administrator in Ancient Japan',2005,3,5,'4.99',120,'28.99','PG-13','Behind the Scenes'),
(171,'COMMANDMENTS EXPRESS','A Fanciful Saga of a Student And a Mad Scientist who must Battle a Hunter in An Abandoned Mine Shaft',2005,3,6,'4.99',59,'13.99','R','Trailers,Commentaries,Deleted Scenes'),
(172,'CONEHEADS SMOOCHY','A Touching Story of a Womanizer And a Composer who must Pursue a Husband in Nigeria',2005,3,7,'4.99',112,'12.99','NC-17','Deleted Scenes,Behind the Scenes'),
(173,'CONFESSIONS MAGUIRE','A Insightful Story of a Car And a Boy who must Battle a Technical Writer in A Baloon',2005,3,7,'4.99',65,'25.99','PG-13','Behind the Scenes'),
(174,'CONFIDENTIAL INTERVIEW','A Stunning Reflection of a Cat And a Woman who must Find a Astronaut in Ancient Japan',2005,3,6,'4.99',180,'13.99','NC-17','Commentaries'),
(175,'CONFUSED CANDLES','A Stunning Epistle of a Cat And a Forensic Psychologist who must Confront a Pioneer in A Baloon',2005,3,3,'2.99',122,'27.99','PG-13','Trailers,Commentaries,Deleted Scenes,Behind the Scenes'),
(176,'CONGENIALITY QUEST','A Touching Documentary of a Cat And a Pastry Chef who must Find a Lumberjack in A Baloon',2005,3,6,'0.99',87,'21.99','PG-13','Commentaries,Behind the Scenes'),
(177,'CONNECTICUT TRAMP','A Unbelieveable Drama of a Crocodile And a Mad Cow who must Reach a Dentist in A Shark Tank',2005,3,4,'4.99',172,'20.99','R','Commentaries,Deleted Scenes'),
(178,'CONNECTION MICROCOSMOS','A Fateful Documentary of a Crocodile And a Husband who must Face a Husband in The First Manned Space Station',2005,3,6,'0.99',115,'25.99','G','Deleted Scenes,Behind the Scenes'),
(179,'CONQUERER NUTS','A Taut Drama of a Mad Scientist And a Man who must Escape a Pioneer in An Abandoned Mine Shaft',2005,3,4,'4.99',173,'14.99','G','Commentaries,Deleted Scenes,Behind the Scenes'),
(180,'CONSPIRACY SPIRIT','A Awe-Inspiring Story of a Student And a Frisbee who must Conquer a Crocodile in An Abandoned Mine Shaft',2005,3,4,'2.99',184,'27.99','PG-13','Trailers,Commentaries'),
(181,'CONTACT ANONYMOUS','A Insightful Display of a A Shark And a Monkey who must Face a Database Administrator in Ancient India',2005,3,7,'2.99',166,'10.99','PG-13','Commentaries'),
(182,'CONTROL ANTHEM','A Fateful Documentary of a Robot And a Student who must Battle a Cat in A Monastery',2005,3,7,'4.99',185,'9.99','G','Commentaries'),
(183,'CONVERSATION DOWNHILL','A Taut Character Study of a Husband And a Waitress who must Sink a Squirrel in A MySQL Convention',2005,3,4,'4.99',112,'14.99','R','Commentaries'),
(184,'CORE SUIT','A Unbelieveable Tale of a Car And a Explorer who must Confront a Boat in A Manhattan Penthouse',2005,3,3,'2.99',92,'24.99','PG-13','Deleted Scenes'),
(185,'COWBOY DOOM','A Astounding Drama of a Boy And a Lumberjack who must Fight a Butler in A Baloon',2005,3,3,'2.99',146,'10.99','PG','Commentaries,Deleted Scenes,Behind the Scenes'),
(186,'CRAFT OUTFIELD','A Lacklusture Display of a Explorer And a Hunter who must Succumb a Database Administrator in A Baloon Factory',2005,3,6,'0.99',64,'17.99','NC-17','Deleted Scenes,Behind the Scenes'),
(187,'CRANES RESERVOIR','A Fanciful Documentary of a Teacher And a Dog who must Outgun a Forensic Psychologist in A Baloon Factory',2005,3,5,'2.99',57,'12.99','NC-17','Commentaries'),
(188,'CRAZY HOME','A Fanciful Panorama of a Boy And a Woman who must Vanquish a Database Administrator in The Outback',2005,3,7,'2.99',136,'24.99','PG','Commentaries,Deleted Scenes'),
(189,'CREATURES SHAKESPEARE','A Emotional Drama of a Womanizer And a Squirrel who must Vanquish a Crocodile in Ancient India',2005,3,3,'0.99',139,'23.99','NC-17','Trailers,Deleted Scenes'),
(190,'CREEPERS KANE','A Awe-Inspiring Reflection of a Squirrel And a Boat who must Outrace a Car in A Jet Boat',2005,3,5,'4.99',172,'23.99','NC-17','Trailers,Behind the Scenes'),
(191,'CROOKED FROGMEN','A Unbelieveable Drama of a Hunter And a Database Administrator who must Battle a Crocodile in An Abandoned Amusement Park',2005,3,6,'0.99',143,'27.99','PG-13','Commentaries,Deleted Scenes,Behind the Scenes'),
(192,'CROSSING DIVORCE','A Beautiful Documentary of a Dog And a Robot who must Redeem a Womanizer in Berlin',2005,3,4,'4.99',50,'19.99','R','Commentaries,Deleted Scenes,Behind the Scenes'),
(193,'CROSSROADS CASUALTIES','A Intrepid Documentary of a Sumo Wrestler And a Astronaut who must Battle a Composer in The Outback',2005,3,5,'2.99',153,'20.99','G','Trailers,Commentaries,Behind the Scenes'),
(194,'CROW GREASE','A Awe-Inspiring Documentary of a Woman And a Husband who must Sink a Database Administrator in The First Manned Space Station',2005,3,6,'0.99',104,'22.99','PG','Trailers,Commentaries,Behind the Scenes'),
(195,'CROWDS TELEMARK','A Intrepid Documentary of a Astronaut And a Forensic Psychologist who must Find a Frisbee in An Abandoned Fun House',2005,3,3,'4.99',112,'16.99','R','Trailers,Behind the Scenes'),
(196,'CRUELTY UNFORGIVEN','A Brilliant Tale of a Car And a Moose who must Battle a Dentist in Nigeria',2005,3,7,'0.99',69,'29.99','G','Deleted Scenes,Behind the Scenes'),
(197,'CRUSADE HONEY','A Fast-Paced Reflection of a Explorer And a Butler who must Battle a Madman in An Abandoned Amusement Park',2005,3,4,'2.99',112,'27.99','R','Commentaries'),
(198,'CRYSTAL BREAKING','A Fast-Paced Character Study of a Feminist And a Explorer who must Face a Pastry Chef in Ancient Japan',2005,3,6,'2.99',184,'22.99','NC-17','Trailers,Commentaries'),
(199,'CUPBOARD SINNERS','A Emotional Reflection of a Frisbee And a Boat who must Reach a Pastry Chef in An Abandoned Amusement Park',2005,3,4,'2.99',56,'29.99','R','Behind the Scenes'),
(200,'CURTAIN VIDEOTAPE','A Boring Reflection of a Dentist And a Mad Cow who must Chase a Secret Agent in A Shark Tank',2005,3,7,'0.99',133,'27.99','PG-13','Trailers,Commentaries,Deleted Scenes,Behind the Scenes'),
(201,'CYCLONE FAMILY','A Lacklusture Drama of a Student And a Monkey who must Sink a Womanizer in A MySQL Convention',2005,3,7,'2.99',176,'18.99','PG','Trailers,Deleted Scenes'),
(202,'DADDY PITTSBURGH','A Epic Story of a A Shark And a Student who must Confront a Explorer in The Gulf of Mexico',2005,3,5,'4.99',161,'26.99','G','Deleted Scenes,Behind the Scenes'),
(203,'DAISY MENAGERIE','A Fast-Paced Saga of a Pastry Chef And a Monkey who must Sink a Composer in Ancient India',2005,3,5,'4.99',84,'9.99','G','Trailers,Commentaries,Behind the Scenes'),
(204,'DALMATIONS SWEDEN','A Emotional Epistle of a Moose And a Hunter who must Overcome a Robot in A Manhattan Penthouse',2005,3,4,'0.99',106,'25.99','PG','Trailers,Commentaries,Deleted Scenes'),
(205,'DANCES NONE','A Insightful Reflection of a A Shark And a Dog who must Kill a Butler in An Abandoned Amusement Park',2005,3,3,'0.99',58,'22.99','NC-17','Trailers,Commentaries,Deleted Scenes,Behind the Scenes'),
(206,'DANCING FEVER','A Stunning Story of a Explorer And a Forensic Psychologist who must Face a Crocodile in A Shark Tank',2005,3,6,'0.99',144,'25.99','G','Commentaries,Behind the Scenes'),
(207,'DANGEROUS UPTOWN','A Unbelieveable Story of a Mad Scientist And a Woman who must Overcome a Dog in California',2005,3,7,'4.99',121,'26.99','PG','Commentaries'),
(208,'DARES PLUTO','A Fateful Story of a Robot And a Dentist who must Defeat a Astronaut in New Orleans',2005,3,7,'2.99',89,'16.99','PG-13','Commentaries,Behind the Scenes'),
(209,'DARKNESS WAR','A Touching Documentary of a Husband And a Hunter who must Escape a Boy in The Sahara Desert',2005,3,6,'2.99',99,'24.99','NC-17','Deleted Scenes,Behind the Scenes'),
(210,'DARKO DORADO','A Stunning Reflection of a Frisbee And a Husband who must Redeem a Dog in New Orleans',2005,3,3,'4.99',130,'13.99','NC-17','Trailers,Commentaries,Deleted Scenes,Behind the Scenes'),
(211,'DARLING BREAKING','A Brilliant Documentary of a Astronaut And a Squirrel who must Succumb a Student in The Gulf of Mexico',2005,3,7,'4.99',165,'20.99','PG-13','Commentaries,Behind the Scenes'),
(212,'DARN FORRESTER','A Fateful Story of a A Shark And a Explorer who must Succumb a Technical Writer in A Jet Boat',2005,3,7,'4.99',185,'14.99','G','Deleted Scenes'),
(213,'DATE SPEED','A Touching Saga of a Composer And a Moose who must Discover a Dentist in A MySQL Convention',2005,3,4,'0.99',104,'19.99','R','Commentaries'),
(214,'DAUGHTER MADIGAN','A Beautiful Tale of a Hunter And a Mad Scientist who must Confront a Squirrel in The First Manned Space Station',2005,3,3,'4.99',59,'13.99','PG-13','Trailers'),
(215,'DAWN POND','A Thoughtful Documentary of a Dentist And a Forensic Psychologist who must Defeat a Waitress in Berlin',2005,3,4,'4.99',57,'27.99','PG','Trailers,Deleted Scenes,Behind the Scenes'),
(216,'DAY UNFAITHFUL','A Stunning Documentary of a Composer And a Mad Scientist who must Find a Technical Writer in A U-Boat',2005,3,3,'4.99',113,'16.99','G','Trailers,Commentaries,Deleted Scenes,Behind the Scenes'),
(217,'DAZED PUNK','A Action-Packed Story of a Pioneer And a Technical Writer who must Discover a Forensic Psychologist in An Abandoned Amusement Park',2005,3,6,'4.99',120,'20.99','G','Commentaries,Deleted Scenes'),
(218,'DECEIVER BETRAYED','A Taut Story of a Moose And a Squirrel who must Build a Husband in Ancient India',2005,3,7,'0.99',122,'22.99','NC-17','Trailers,Commentaries,Deleted Scenes,Behind the Scenes'),
(219,'DEEP CRUSADE','A Amazing Tale of a Crocodile And a Squirrel who must Discover a Composer in Australia',2005,3,6,'4.99',51,'20.99','PG-13','Commentaries,Behind the Scenes'),
(220,'DEER VIRGINIAN','A Thoughtful Story of a Mad Cow And a Womanizer who must Overcome a Mad Scientist in Soviet Georgia',2005,3,7,'2.99',106,'13.99','NC-17','Deleted Scenes'),
(221,'DELIVERANCE MULHOLLAND','A Astounding Saga of a Monkey And a Moose who must Conquer a Butler in A Shark Tank',2005,3,4,'0.99',100,'9.99','R','Deleted Scenes'),
(222,'DESERT POSEIDON','A Brilliant Documentary of a Butler And a Frisbee who must Build a Astronaut in New Orleans',2005,3,4,'4.99',64,'27.99','R','Trailers,Behind the Scenes'),
(223,'DESIRE ALIEN','A Fast-Paced Tale of a Dog And a Forensic Psychologist who must Meet a Astronaut in The First Manned Space Station',2005,3,7,'2.99',76,'24.99','NC-17','Deleted Scenes'),
(224,'DESPERATE TRAINSPOTTING','A Epic Yarn of a Forensic Psychologist And a Teacher who must Face a Lumberjack in California',2005,3,7,'4.99',81,'29.99','G','Deleted Scenes'),
(225,'DESTINATION JERK','A Beautiful Yarn of a Teacher And a Cat who must Build a Car in A U-Boat',2005,3,3,'0.99',76,'19.99','PG-13','Trailers,Commentaries,Behind the Scenes'),
(226,'DESTINY SATURDAY','A Touching Drama of a Crocodile And a Crocodile who must Conquer a Explorer in Soviet Georgia',2005,3,4,'4.99',56,'20.99','G','Trailers,Commentaries,Behind the Scenes'),
(227,'DETAILS PACKER','A Epic Saga of a Waitress And a Composer who must Face a Boat in A U-Boat',2005,3,4,'4.99',88,'17.99','R','Commentaries,Deleted Scenes'),
(228,'DETECTIVE VISION','A Fanciful Documentary of a Pioneer And a Woman who must Redeem a Hunter in Ancient Japan',2005,3,4,'0.99',143,'16.99','PG-13','Trailers,Commentaries,Behind the Scenes'),
(229,'DEVIL DESIRE','A Beautiful Reflection of a Monkey And a Dentist who must Face a Database Administrator in Ancient Japan',2005,3,6,'4.99',87,'12.99','R','Trailers,Behind the Scenes'),
(230,'DIARY PANIC','A Thoughtful Character Study of a Frisbee And a Mad Cow who must Outgun a Man in Ancient India',2005,3,7,'2.99',107,'20.99','G','Commentaries,Behind the Scenes'),
(231,'DINOSAUR SECRETARY','A Action-Packed Drama of a Feminist And a Girl who must Reach a Robot in The Canadian Rockies',2005,3,7,'2.99',63,'27.99','R','Trailers,Behind the Scenes'),
(232,'DIRTY ACE','A Action-Packed Character Study of a Forensic Psychologist And a Girl who must Build a Dentist in The Outback',2005,3,7,'2.99',147,'29.99','NC-17','Commentaries,Deleted Scenes,Behind the Scenes'),
(233,'DISCIPLE MOTHER','A Touching Reflection of a Mad Scientist And a Boat who must Face a Moose in A Shark Tank',2005,3,3,'0.99',141,'17.99','PG','Trailers,Deleted Scenes,Behind the Scenes'),
(234,'DISTURBING SCARFACE','A Lacklusture Display of a Crocodile And a Butler who must Overcome a Monkey in A U-Boat',2005,3,6,'2.99',94,'27.99','R','Trailers,Behind the Scenes'),
(235,'DIVIDE MONSTER','A Intrepid Saga of a Man And a Forensic Psychologist who must Reach a Squirrel in A Monastery',2005,3,6,'2.99',68,'13.99','PG-13','Trailers,Commentaries'),
(236,'DIVINE RESURRECTION','A Boring Character Study of a Man And a Womanizer who must Succumb a Teacher in An Abandoned Amusement Park',2005,3,4,'2.99',100,'19.99','R','Trailers,Commentaries'),
(237,'DIVORCE SHINING','A Unbelieveable Saga of a Crocodile And a Student who must Discover a Cat in Ancient India',2005,3,3,'2.99',47,'21.99','G','Trailers,Commentaries,Deleted Scenes'),
(238,'DOCTOR GRAIL','A Insightful Drama of a Womanizer And a Waitress who must Reach a Forensic Psychologist in The Outback',2005,3,4,'2.99',57,'29.99','G','Trailers,Commentaries,Behind the Scenes'),
(239,'DOGMA FAMILY','A Brilliant Character Study of a Database Administrator And a Monkey who must Succumb a Astronaut in New Orleans',2005,3,5,'4.99',122,'16.99','G','Commentaries'),
(240,'DOLLS RAGE','A Thrilling Display of a Pioneer And a Frisbee who must Escape a Teacher in The Outback',2005,3,7,'2.99',120,'10.99','PG-13','Commentaries,Deleted Scenes'),
(241,'DONNIE ALLEY','A Awe-Inspiring Tale of a Butler And a Frisbee who must Vanquish a Teacher in Ancient Japan',2005,3,4,'0.99',125,'20.99','NC-17','Trailers,Commentaries,Behind the Scenes'),
(242,'DOOM DANCING','A Astounding Panorama of a Car And a Mad Scientist who must Battle a Lumberjack in A MySQL Convention',2005,3,4,'0.99',68,'13.99','R','Trailers,Commentaries'),
(243,'DOORS PRESIDENT','A Awe-Inspiring Display of a Squirrel And a Woman who must Overcome a Boy in The Gulf of Mexico',2005,3,3,'4.99',49,'22.99','NC-17','Trailers,Commentaries,Deleted Scenes,Behind the Scenes'),
(244,'DORADO NOTTING','A Action-Packed Tale of a Sumo Wrestler And a A Shark who must Meet a Frisbee in California',2005,3,5,'4.99',139,'26.99','NC-17','Commentaries'),
(245,'DOUBLE WRATH','A Thoughtful Yarn of a Womanizer And a Dog who must Challenge a Madman in The Gulf of Mexico',2005,3,4,'0.99',177,'28.99','R','Trailers,Deleted Scenes,Behind the Scenes'),
(246,'DOUBTFIRE LABYRINTH','A Intrepid Panorama of a Butler And a Composer who must Meet a Mad Cow in The Sahara Desert',2005,3,5,'4.99',154,'16.99','R','Deleted Scenes,Behind the Scenes'),
(247,'DOWNHILL ENOUGH','A Emotional Tale of a Pastry Chef And a Forensic Psychologist who must Succumb a Monkey in The Sahara Desert',2005,3,3,'0.99',47,'19.99','G','Trailers,Commentaries,Deleted Scenes'),
(248,'DOZEN LION','A Taut Drama of a Cat And a Girl who must Defeat a Frisbee in The Canadian Rockies',2005,3,6,'4.99',177,'20.99','NC-17','Commentaries,Deleted Scenes,Behind the Scenes'),
(249,'DRACULA CRYSTAL','A Thrilling Reflection of a Feminist And a Cat who must Find a Frisbee in An Abandoned Fun House',2005,3,7,'0.99',176,'26.99','G','Commentaries'),
(250,'DRAGON SQUAD','A Taut Reflection of a Boy And a Waitress who must Outgun a Teacher in Ancient China',2005,3,4,'0.99',170,'26.99','NC-17','Deleted Scenes,Behind the Scenes'),
(251,'DRAGONFLY STRANGERS','A Boring Documentary of a Pioneer And a Man who must Vanquish a Man in Nigeria',2005,3,6,'4.99',133,'19.99','NC-17','Trailers,Behind the Scenes'),
(252,'DREAM PICKUP','A Epic Display of a Car And a Composer who must Overcome a Forensic Psychologist in The Gulf of Mexico',2005,3,6,'2.99',135,'18.99','PG','Trailers,Commentaries,Behind the Scenes'),
(253,'DRIFTER COMMANDMENTS','A Epic Reflection of a Womanizer And a Squirrel who must Discover a Husband in A Jet Boat',2005,3,5,'4.99',61,'18.99','PG-13','Trailers,Behind the Scenes'),
(254,'DRIVER ANNIE','A Lacklusture Character Study of a Butler And a Car who must Redeem a Boat in An Abandoned Fun House',2005,3,4,'2.99',159,'11.99','PG-13','Trailers,Deleted Scenes,Behind the Scenes'),
(255,'DRIVING POLISH','A Action-Packed Yarn of a Feminist And a Technical Writer who must Sink a Boat in An Abandoned Mine Shaft',2005,3,6,'4.99',175,'21.99','NC-17','Trailers,Deleted Scenes'),
(256,'DROP WATERFRONT','A Fanciful Documentary of a Husband And a Explorer who must Reach a Madman in Ancient China',2005,3,6,'4.99',178,'20.99','R','Trailers,Commentaries'),
(257,'DRUMLINE CYCLONE','A Insightful Panorama of a Monkey And a Sumo Wrestler who must Outrace a Mad Scientist in The Canadian Rockies',2005,3,3,'0.99',110,'14.99','G','Commentaries,Deleted Scenes,Behind the Scenes'),
(258,'DRUMS DYNAMITE','A Epic Display of a Crocodile And a Crocodile who must Confront a Dog in An Abandoned Amusement Park',2005,3,6,'0.99',96,'11.99','PG','Trailers'),
(259,'DUCK RACER','A Lacklusture Yarn of a Teacher And a Squirrel who must Overcome a Dog in A Shark Tank',2005,3,4,'2.99',116,'15.99','NC-17','Behind the Scenes'),
(260,'DUDE BLINDNESS','A Stunning Reflection of a Husband And a Lumberjack who must Face a Frisbee in An Abandoned Fun House',2005,3,3,'4.99',132,'9.99','G','Trailers,Deleted Scenes'),
(261,'DUFFEL APOCALYPSE','A Emotional Display of a Boat And a Explorer who must Challenge a Madman in A MySQL Convention',2005,3,5,'0.99',171,'13.99','G','Commentaries'),
(262,'DUMBO LUST','A Touching Display of a Feminist And a Dentist who must Conquer a Husband in The Gulf of Mexico',2005,3,5,'0.99',119,'17.99','NC-17','Behind the Scenes'),
(263,'DURHAM PANKY','A Brilliant Panorama of a Girl And a Boy who must Face a Mad Scientist in An Abandoned Mine Shaft',2006,3,6,'4.99',154,'14.99','R','Trailers,Commentaries'),
(264,'DWARFS ALTER','A Emotional Yarn of a Girl And a Dog who must Challenge a Composer in Ancient Japan',2006,3,6,'2.99',101,'13.99','G','Commentaries,Deleted Scenes'),
(265,'DYING MAKER','A Intrepid Tale of a Boat And a Monkey who must Kill a Cat in California',2006,3,5,'4.99',168,'28.99','PG','Behind the Scenes'),
(266,'DYNAMITE TARZAN','A Intrepid Documentary of a Forensic Psychologist And a Mad Scientist who must Face a Explorer in A U-Boat',2006,3,4,'0.99',141,'27.99','PG-13','Deleted Scenes'),
(267,'EAGLES PANKY','A Thoughtful Story of a Car And a Boy who must Find a A Shark in The Sahara Desert',2006,3,4,'4.99',140,'14.99','NC-17','Trailers,Commentaries,Behind the Scenes'),
(268,'EARLY HOME','A Amazing Panorama of a Mad Scientist And a Husband who must Meet a Woman in The Outback',2006,3,6,'4.99',96,'27.99','NC-17','Trailers,Commentaries,Behind the Scenes'),
(269,'EARRING INSTINCT','A Stunning Character Study of a Dentist And a Mad Cow who must Find a Teacher in Nigeria',2006,3,3,'0.99',98,'22.99','R','Behind the Scenes'),
(270,'EARTH VISION','A Stunning Drama of a Butler And a Madman who must Outrace a Womanizer in Ancient India',2006,4,7,'0.99',85,'29.99','NC-17','Trailers,Commentaries,Deleted Scenes'),
(271,'EASY GLADIATOR','A Fateful Story of a Monkey And a Girl who must Overcome a Pastry Chef in Ancient India',2006,4,5,'4.99',148,'12.99','G','Trailers,Commentaries,Behind the Scenes'),
(272,'EDGE KISSING','A Beautiful Yarn of a Composer And a Mad Cow who must Redeem a Mad Scientist in A Jet Boat',2006,4,5,'4.99',153,'9.99','NC-17','Deleted Scenes'),
(273,'EFFECT GLADIATOR','A Beautiful Display of a Pastry Chef And a Pastry Chef who must Outgun a Forensic Psychologist in A Manhattan Penthouse',2006,4,6,'0.99',107,'14.99','PG','Commentaries'),
(274,'EGG IGBY','A Beautiful Documentary of a Boat And a Sumo Wrestler who must Succumb a Database Administrator in The First Manned Space Station',2006,4,4,'2.99',67,'20.99','PG','Commentaries,Behind the Scenes'),
(275,'EGYPT TENENBAUMS','A Intrepid Story of a Madman And a Secret Agent who must Outrace a Astronaut in An Abandoned Amusement Park',2006,4,3,'0.99',85,'11.99','PG','Commentaries,Deleted Scenes,Behind the Scenes'),
(276,'ELEMENT FREDDY','A Awe-Inspiring Reflection of a Waitress And a Squirrel who must Kill a Mad Cow in A Jet Boat',2006,4,6,'4.99',115,'28.99','NC-17','Commentaries,Behind the Scenes'),
(277,'ELEPHANT TROJAN','A Beautiful Panorama of a Lumberjack And a Forensic Psychologist who must Overcome a Frisbee in A Baloon',2006,4,4,'4.99',126,'24.99','PG-13','Behind the Scenes'),
(278,'ELF MURDER','A Action-Packed Story of a Frisbee And a Woman who must Reach a Girl in An Abandoned Mine Shaft',2006,4,4,'4.99',155,'19.99','NC-17','Trailers,Commentaries,Behind the Scenes'),
(279,'ELIZABETH SHANE','A Lacklusture Display of a Womanizer And a Dog who must Face a Sumo Wrestler in Ancient Japan',2006,4,7,'4.99',152,'11.99','NC-17','Trailers,Deleted Scenes,Behind the Scenes'),
(280,'EMPIRE MALKOVICH','A Amazing Story of a Feminist And a Cat who must Face a Car in An Abandoned Fun House',2006,4,7,'0.99',177,'26.99','G','Deleted Scenes'),
(281,'ENCINO ELF','A Astounding Drama of a Feminist And a Teacher who must Confront a Husband in A Baloon',2006,4,6,'0.99',143,'9.99','G','Trailers,Behind the Scenes'),
(282,'ENCOUNTERS CURTAIN','A Insightful Epistle of a Pastry Chef And a Womanizer who must Build a Boat in New Orleans',2006,4,5,'0.99',92,'20.99','NC-17','Trailers'),
(283,'ENDING CROWDS','A Unbelieveable Display of a Dentist And a Madman who must Vanquish a Squirrel in Berlin',2006,4,6,'0.99',85,'10.99','NC-17','Commentaries,Behind the Scenes'),
(284,'ENEMY ODDS','A Fanciful Panorama of a Mad Scientist And a Woman who must Pursue a Astronaut in Ancient India',2006,4,5,'4.99',77,'23.99','NC-17','Trailers'),
(285,'ENGLISH BULWORTH','A Intrepid Epistle of a Pastry Chef And a Pastry Chef who must Pursue a Crocodile in Ancient China',2006,4,3,'0.99',51,'18.99','PG-13','Deleted Scenes'),
(286,'ENOUGH RAGING','A Astounding Character Study of a Boat And a Secret Agent who must Find a Mad Cow in The Sahara Desert',2006,4,7,'2.99',158,'16.99','NC-17','Commentaries'),
(287,'ENTRAPMENT SATISFACTION','A Thoughtful Panorama of a Hunter And a Teacher who must Reach a Mad Cow in A U-Boat',2006,4,5,'0.99',176,'19.99','R','Commentaries,Deleted Scenes,Behind the Scenes'),
(288,'ESCAPE METROPOLIS','A Taut Yarn of a Astronaut And a Technical Writer who must Outgun a Boat in New Orleans',2006,4,7,'2.99',167,'20.99','R','Trailers'),
(289,'EVE RESURRECTION','A Awe-Inspiring Yarn of a Pastry Chef And a Database Administrator who must Challenge a Teacher in A Baloon',2006,4,5,'4.99',66,'25.99','G','Trailers,Commentaries,Deleted Scenes'),
(290,'EVERYONE CRAFT','A Fateful Display of a Waitress And a Dentist who must Reach a Butler in Nigeria',2006,4,4,'0.99',163,'29.99','PG','Trailers,Commentaries'),
(291,'EVOLUTION ALTER','A Fanciful Character Study of a Feminist And a Madman who must Find a Explorer in A Baloon Factory',2006,4,5,'0.99',174,'10.99','PG-13','Behind the Scenes'),
(292,'EXCITEMENT EVE','A Brilliant Documentary of a Monkey And a Car who must Conquer a Crocodile in A Shark Tank',2006,4,3,'0.99',51,'20.99','G','Commentaries'),
(293,'EXORCIST STING','A Touching Drama of a Dog And a Sumo Wrestler who must Conquer a Mad Scientist in Berlin',2006,4,6,'2.99',167,'17.99','G','Commentaries,Deleted Scenes,Behind the Scenes'),
(294,'EXPECATIONS NATURAL','A Amazing Drama of a Butler And a Husband who must Reach a A Shark in A U-Boat',2006,4,5,'4.99',138,'26.99','PG-13','Deleted Scenes'),
(295,'EXPENDABLE STALLION','A Amazing Character Study of a Mad Cow And a Squirrel who must Discover a Hunter in A U-Boat',2006,4,3,'0.99',97,'14.99','PG','Trailers,Behind the Scenes'),
(296,'EXPRESS LONELY','A Boring Drama of a Astronaut And a Boat who must Face a Boat in California',2006,4,5,'2.99',178,'23.99','R','Trailers'),
(297,'EXTRAORDINARY CONQUERER','A Stunning Story of a Dog And a Feminist who must Face a Forensic Psychologist in Berlin',2006,4,6,'2.99',122,'29.99','G','Trailers,Commentaries,Deleted Scenes'),
(298,'EYES DRIVING','A Thrilling Story of a Cat And a Waitress who must Fight a Explorer in The Outback',2006,4,4,'2.99',172,'13.99','PG-13','Trailers,Commentaries'),
(299,'FACTORY DRAGON','A Action-Packed Saga of a Teacher And a Frisbee who must Escape a Lumberjack in The Sahara Desert',2006,4,4,'0.99',144,'9.99','PG-13','Trailers,Commentaries,Deleted Scenes'),
(300,'FALCON VOLUME','A Fateful Saga of a Sumo Wrestler And a Hunter who must Redeem a A Shark in New Orleans',2006,4,5,'4.99',102,'21.99','PG-13','Commentaries,Behind the Scenes'),
(301,'FAMILY SWEET','A Epic Documentary of a Teacher And a Boy who must Escape a Woman in Berlin',2006,4,4,'0.99',155,'24.99','R','Trailers'),
(302,'FANTASIA PARK','A Thoughtful Documentary of a Mad Scientist And a A Shark who must Outrace a Feminist in Australia',2006,4,5,'2.99',131,'29.99','G','Commentaries'),
(303,'FANTASY TROOPERS','A Touching Saga of a Teacher And a Monkey who must Overcome a Secret Agent in A MySQL Convention',2006,4,6,'0.99',58,'27.99','PG-13','Behind the Scenes'),
(304,'FARGO GANDHI','A Thrilling Reflection of a Pastry Chef And a Crocodile who must Reach a Teacher in The Outback',2006,4,3,'2.99',130,'28.99','G','Deleted Scenes'),
(305,'FATAL HAUNTED','A Beautiful Drama of a Student And a Secret Agent who must Confront a Dentist in Ancient Japan',2006,4,6,'2.99',91,'24.99','PG','Trailers,Behind the Scenes'),
(306,'FEATHERS METAL','A Thoughtful Yarn of a Monkey And a Teacher who must Find a Dog in Australia',2006,4,3,'0.99',104,'12.99','PG-13','Trailers,Deleted Scenes'),
(307,'FELLOWSHIP AUTUMN','A Lacklusture Reflection of a Dentist And a Hunter who must Meet a Teacher in A Baloon',2006,4,6,'4.99',77,'9.99','NC-17','Deleted Scenes,Behind the Scenes'),
(308,'FERRIS MOTHER','A Touching Display of a Frisbee And a Frisbee who must Kill a Girl in The Gulf of Mexico',2006,4,3,'2.99',142,'13.99','PG','Trailers,Deleted Scenes,Behind the Scenes'),
(309,'FEUD FROGMEN','A Brilliant Reflection of a Database Administrator And a Mad Cow who must Chase a Woman in The Canadian Rockies',2006,4,6,'0.99',98,'29.99','R','Trailers,Commentaries,Deleted Scenes,Behind the Scenes'),
(310,'FEVER EMPIRE','A Insightful Panorama of a Cat And a Boat who must Defeat a Boat in The Gulf of Mexico',2006,4,5,'4.99',158,'20.99','R','Commentaries,Deleted Scenes'),
(311,'FICTION CHRISTMAS','A Emotional Yarn of a A Shark And a Student who must Battle a Robot in An Abandoned Mine Shaft',2006,4,4,'0.99',72,'14.99','PG','Trailers,Commentaries,Deleted Scenes,Behind the Scenes'),
(312,'FIDDLER LOST','A Boring Tale of a Squirrel And a Dog who must Challenge a Madman in The Gulf of Mexico',2006,4,4,'4.99',75,'20.99','R','Deleted Scenes,Behind the Scenes'),
(313,'FIDELITY DEVIL','A Awe-Inspiring Drama of a Technical Writer And a Composer who must Reach a Pastry Chef in A U-Boat',2006,4,5,'4.99',118,'11.99','G','Trailers,Deleted Scenes,Behind the Scenes'),
(314,'FIGHT JAWBREAKER','A Intrepid Panorama of a Womanizer And a Girl who must Escape a Girl in A Manhattan Penthouse',2006,4,3,'0.99',91,'13.99','R','Trailers,Commentaries,Deleted Scenes,Behind the Scenes'),
(315,'FINDING ANACONDA','A Fateful Tale of a Database Administrator And a Girl who must Battle a Squirrel in New Orleans',2006,4,4,'0.99',156,'10.99','R','Trailers,Commentaries'),
(316,'FIRE WOLVES','A Intrepid Documentary of a Frisbee And a Dog who must Outrace a Lumberjack in Nigeria',2006,4,5,'4.99',173,'18.99','R','Trailers'),
(317,'FIREBALL PHILADELPHIA','A Amazing Yarn of a Dentist And a A Shark who must Vanquish a Madman in An Abandoned Mine Shaft',2006,4,4,'0.99',148,'25.99','PG','Trailers,Commentaries,Behind the Scenes'),
(318,'FIREHOUSE VIETNAM','A Awe-Inspiring Character Study of a Boat And a Boy who must Kill a Pastry Chef in The Sahara Desert',2006,4,7,'0.99',103,'14.99','G','Commentaries,Deleted Scenes'),
(319,'FISH OPUS','A Touching Display of a Feminist And a Girl who must Confront a Astronaut in Australia',2006,4,4,'2.99',125,'22.99','R','Trailers,Deleted Scenes,Behind the Scenes'),
(320,'FLAMINGOS CONNECTICUT','A Fast-Paced Reflection of a Composer And a Composer who must Meet a Cat in The Sahara Desert',2006,4,4,'4.99',80,'28.99','PG-13','Trailers'),
(321,'FLASH WARS','A Astounding Saga of a Moose And a Pastry Chef who must Chase a Student in The Gulf of Mexico',2006,4,3,'4.99',123,'21.99','NC-17','Trailers,Commentaries,Behind the Scenes'),
(322,'FLATLINERS KILLER','A Taut Display of a Secret Agent And a Waitress who must Sink a Robot in An Abandoned Mine Shaft',2006,4,5,'2.99',100,'29.99','G','Trailers,Commentaries,Deleted Scenes'),
(323,'FLIGHT LIES','A Stunning Character Study of a Crocodile And a Pioneer who must Pursue a Teacher in New Orleans',2006,4,7,'4.99',179,'22.99','R','Trailers'),
(324,'FLINTSTONES HAPPINESS','A Fateful Story of a Husband And a Moose who must Vanquish a Boy in California',2006,4,3,'4.99',148,'11.99','PG-13','Trailers,Commentaries,Deleted Scenes,Behind the Scenes'),
(325,'FLOATS GARDEN','A Action-Packed Epistle of a Robot And a Car who must Chase a Boat in Ancient Japan',2006,4,6,'2.99',145,'29.99','PG-13','Trailers,Commentaries,Behind the Scenes'),
(326,'FLYING HOOK','A Thrilling Display of a Mad Cow And a Dog who must Challenge a Frisbee in Nigeria',2006,4,6,'2.99',69,'18.99','NC-17','Trailers,Commentaries,Behind the Scenes'),
(327,'FOOL MOCKINGBIRD','A Lacklusture Tale of a Crocodile And a Composer who must Defeat a Madman in A U-Boat',2006,4,3,'4.99',158,'24.99','PG','Trailers,Commentaries'),
(328,'FOREVER CANDIDATE','A Unbelieveable Panorama of a Technical Writer And a Man who must Pursue a Frisbee in A U-Boat',2006,4,7,'2.99',131,'28.99','NC-17','Commentaries,Deleted Scenes,Behind the Scenes'),
(329,'FORREST SONS','A Thrilling Documentary of a Forensic Psychologist And a Butler who must Defeat a Explorer in A Jet Boat',2006,4,4,'2.99',63,'15.99','R','Commentaries'),
(330,'FORRESTER COMANCHEROS','A Fateful Tale of a Squirrel And a Forensic Psychologist who must Redeem a Man in Nigeria',2006,4,7,'4.99',112,'22.99','NC-17','Trailers,Behind the Scenes'),
(331,'FORWARD TEMPLE','A Astounding Display of a Forensic Psychologist And a Mad Scientist who must Challenge a Girl in New Orleans',2006,4,6,'2.99',90,'25.99','NC-17','Trailers,Commentaries,Behind the Scenes'),
(332,'FRANKENSTEIN STRANGER','A Insightful Character Study of a Feminist And a Pioneer who must Pursue a Pastry Chef in Nigeria',2006,4,7,'0.99',159,'16.99','NC-17','Deleted Scenes,Behind the Scenes'),
(333,'FREAKY POCUS','A Fast-Paced Documentary of a Pastry Chef And a Crocodile who must Chase a Squirrel in The Gulf of Mexico',2006,4,7,'2.99',126,'16.99','R','Trailers,Behind the Scenes'),
(334,'FREDDY STORM','A Intrepid Saga of a Man And a Lumberjack who must Vanquish a Husband in The Outback',2006,4,6,'4.99',65,'21.99','NC-17','Trailers,Commentaries,Behind the Scenes'),
(335,'FREEDOM CLEOPATRA','A Emotional Reflection of a Dentist And a Mad Cow who must Face a Squirrel in A Baloon',2006,4,5,'0.99',133,'23.99','PG-13','Trailers,Commentaries,Behind the Scenes'),
(336,'FRENCH HOLIDAY','A Thrilling Epistle of a Dog And a Feminist who must Kill a Madman in Berlin',2006,4,5,'4.99',99,'22.99','PG','Behind the Scenes'),
(337,'FRIDA SLIPPER','A Fateful Story of a Lumberjack And a Car who must Escape a Boat in An Abandoned Mine Shaft',2006,4,6,'2.99',73,'11.99','R','Trailers,Deleted Scenes'),
(338,'FRISCO FORREST','A Beautiful Documentary of a Woman And a Pioneer who must Pursue a Mad Scientist in A Shark Tank',2006,4,6,'4.99',51,'23.99','PG','Commentaries,Deleted Scenes,Behind the Scenes'),
(339,'FROGMEN BREAKING','A Unbelieveable Yarn of a Mad Scientist And a Cat who must Chase a Lumberjack in Australia',2006,4,5,'0.99',111,'17.99','R','Trailers,Deleted Scenes,Behind the Scenes'),
(340,'FRONTIER CABIN','A Emotional Story of a Madman And a Waitress who must Battle a Teacher in An Abandoned Fun House',2006,4,6,'4.99',183,'14.99','PG-13','Commentaries,Deleted Scenes'),
(341,'FROST HEAD','A Amazing Reflection of a Lumberjack And a Cat who must Discover a Husband in A MySQL Convention',2006,4,5,'0.99',82,'13.99','PG','Trailers,Deleted Scenes'),
(342,'FUGITIVE MAGUIRE','A Taut Epistle of a Feminist And a Sumo Wrestler who must Battle a Crocodile in Australia',2006,4,7,'4.99',83,'28.99','R','Trailers,Commentaries,Deleted Scenes'),
(343,'FULL FLATLINERS','A Beautiful Documentary of a Astronaut And a Moose who must Pursue a Monkey in A Shark Tank',2006,4,6,'2.99',94,'14.99','PG','Trailers,Deleted Scenes'),
(344,'FURY MURDER','A Lacklusture Reflection of a Boat And a Forensic Psychologist who must Fight a Waitress in A Monastery',2006,4,3,'0.99',178,'28.99','PG-13','Deleted Scenes'),
(345,'GABLES METROPOLIS','A Fateful Display of a Cat And a Pioneer who must Challenge a Pastry Chef in A Baloon Factory',2006,4,3,'0.99',161,'17.99','PG','Trailers,Commentaries'),
(346,'GALAXY SWEETHEARTS','A Emotional Reflection of a Womanizer And a Pioneer who must Face a Squirrel in Berlin',2006,4,4,'4.99',128,'13.99','R','Deleted Scenes'),
(347,'GAMES BOWFINGER','A Astounding Documentary of a Butler And a Explorer who must Challenge a Butler in A Monastery',2006,4,7,'4.99',119,'17.99','PG-13','Behind the Scenes'),
(348,'GANDHI KWAI','A Thoughtful Display of a Mad Scientist And a Secret Agent who must Chase a Boat in Berlin',2006,4,7,'0.99',86,'9.99','PG-13','Trailers'),
(349,'GANGS PRIDE','A Taut Character Study of a Woman And a A Shark who must Confront a Frisbee in Berlin',2006,4,4,'2.99',185,'27.99','PG-13','Behind the Scenes'),
(350,'GARDEN ISLAND','A Unbelieveable Character Study of a Womanizer And a Madman who must Reach a Man in The Outback',2006,4,3,'4.99',80,'21.99','G','Trailers,Behind the Scenes'),
(351,'GASLIGHT CRUSADE','A Amazing Epistle of a Boy And a Astronaut who must Redeem a Man in The Gulf of Mexico',2006,4,4,'2.99',106,'10.99','PG','Trailers,Deleted Scenes'),
(352,'GATHERING CALENDAR','A Intrepid Tale of a Pioneer And a Moose who must Conquer a Frisbee in A MySQL Convention',2006,4,4,'0.99',176,'22.99','PG-13','Commentaries,Behind the Scenes'),
(353,'GENTLEMEN STAGE','A Awe-Inspiring Reflection of a Monkey And a Student who must Overcome a Dentist in The First Manned Space Station',2006,4,6,'2.99',125,'22.99','NC-17','Commentaries,Deleted Scenes'),
(354,'GHOST GROUNDHOG','A Brilliant Panorama of a Madman And a Composer who must Succumb a Car in Ancient India',2006,4,6,'4.99',85,'18.99','G','Trailers,Commentaries,Deleted Scenes,Behind the Scenes'),
(355,'GHOSTBUSTERS ELF','A Thoughtful Epistle of a Dog And a Feminist who must Chase a Composer in Berlin',2006,4,7,'0.99',101,'18.99','R','Trailers,Deleted Scenes,Behind the Scenes'),
(356,'GIANT TROOPERS','A Fateful Display of a Feminist And a Monkey who must Vanquish a Monkey in The Canadian Rockies',2006,4,5,'2.99',102,'10.99','R','Trailers,Commentaries'),
(357,'GILBERT PELICAN','A Fateful Tale of a Man And a Feminist who must Conquer a Crocodile in A Manhattan Penthouse',2006,4,7,'0.99',114,'13.99','G','Trailers,Commentaries'),
(358,'GILMORE BOILED','A Unbelieveable Documentary of a Boat And a Husband who must Succumb a Student in A U-Boat',2006,4,5,'0.99',163,'29.99','R','Trailers,Behind the Scenes'),
(359,'GLADIATOR WESTWARD','A Astounding Reflection of a Squirrel And a Sumo Wrestler who must Sink a Dentist in Ancient Japan',2006,4,6,'4.99',173,'20.99','PG','Commentaries,Deleted Scenes'),
(360,'GLASS DYING','A Astounding Drama of a Frisbee And a Astronaut who must Fight a Dog in Ancient Japan',2006,4,4,'0.99',103,'24.99','G','Trailers'),
(361,'GLEAMING JAWBREAKER','A Amazing Display of a Composer And a Forensic Psychologist who must Discover a Car in The Canadian Rockies',2006,4,5,'2.99',89,'25.99','NC-17','Trailers,Commentaries'),
(362,'GLORY TRACY','A Amazing Saga of a Woman And a Womanizer who must Discover a Cat in The First Manned Space Station',2006,4,7,'2.99',115,'13.99','PG-13','Trailers,Commentaries,Behind the Scenes'),
(363,'GO PURPLE','A Fast-Paced Display of a Car And a Database Administrator who must Battle a Woman in A Baloon',2006,4,3,'0.99',54,'12.99','R','Trailers'),
(364,'GODFATHER DIARY','A Stunning Saga of a Lumberjack And a Squirrel who must Chase a Car in The Outback',2006,4,3,'2.99',73,'14.99','NC-17','Trailers'),
(365,'GOLD RIVER','A Taut Documentary of a Database Administrator And a Waitress who must Reach a Mad Scientist in A Baloon Factory',2006,4,4,'4.99',154,'21.99','R','Trailers,Commentaries,Deleted Scenes,Behind the Scenes'),
(366,'GOLDFINGER SENSIBILITY','A Insightful Drama of a Mad Scientist And a Hunter who must Defeat a Pastry Chef in New Orleans',2006,4,3,'0.99',93,'29.99','G','Trailers,Commentaries,Behind the Scenes'),
(367,'GOLDMINE TYCOON','A Brilliant Epistle of a Composer And a Frisbee who must Conquer a Husband in The Outback',2006,4,6,'0.99',153,'20.99','R','Trailers,Behind the Scenes'),
(368,'GONE TROUBLE','A Insightful Character Study of a Mad Cow And a Forensic Psychologist who must Conquer a A Shark in A Manhattan Penthouse',2006,4,7,'2.99',84,'20.99','R','Deleted Scenes,Behind the Scenes'),
(369,'GOODFELLAS SALUTE','A Unbelieveable Tale of a Dog And a Explorer who must Sink a Mad Cow in A Baloon Factory',2006,4,4,'4.99',56,'22.99','PG','Deleted Scenes'),
(370,'GORGEOUS BINGO','A Action-Packed Display of a Sumo Wrestler And a Car who must Overcome a Waitress in A Baloon Factory',2006,4,4,'2.99',108,'26.99','R','Deleted Scenes,Behind the Scenes'),
(371,'GOSFORD DONNIE','A Epic Panorama of a Mad Scientist And a Monkey who must Redeem a Secret Agent in Berlin',2006,4,5,'4.99',129,'17.99','G','Commentaries'),
(372,'GRACELAND DYNAMITE','A Taut Display of a Cat And a Girl who must Overcome a Database Administrator in New Orleans',2006,4,5,'4.99',140,'26.99','R','Trailers,Commentaries'),
(373,'GRADUATE LORD','A Lacklusture Epistle of a Girl And a A Shark who must Meet a Mad Scientist in Ancient China',2006,4,7,'2.99',156,'14.99','G','Trailers,Behind the Scenes'),
(374,'GRAFFITI LOVE','A Unbelieveable Epistle of a Sumo Wrestler And a Hunter who must Build a Composer in Berlin',2006,4,3,'0.99',117,'29.99','PG','Trailers,Deleted Scenes'),
(375,'GRAIL FRANKENSTEIN','A Unbelieveable Saga of a Teacher And a Monkey who must Fight a Girl in An Abandoned Mine Shaft',2006,4,4,'2.99',85,'17.99','NC-17','Commentaries,Deleted Scenes,Behind the Scenes'),
(376,'GRAPES FURY','A Boring Yarn of a Mad Cow And a Sumo Wrestler who must Meet a Robot in Australia',2006,4,4,'0.99',155,'20.99','G','Commentaries,Behind the Scenes'),
(377,'GREASE YOUTH','A Emotional Panorama of a Secret Agent And a Waitress who must Escape a Composer in Soviet Georgia',2006,4,7,'0.99',135,'20.99','G','Trailers,Deleted Scenes'),
(378,'GREATEST NORTH','A Astounding Character Study of a Secret Agent And a Robot who must Build a A Shark in Berlin',2006,4,5,'2.99',93,'24.99','NC-17','Trailers,Commentaries,Behind the Scenes'),
(379,'GREEDY ROOTS','A Amazing Reflection of a A Shark And a Butler who must Chase a Hunter in The Canadian Rockies',2006,4,7,'0.99',166,'14.99','R','Trailers,Commentaries,Deleted Scenes'),
(380,'GREEK EVERYONE','A Stunning Display of a Butler And a Teacher who must Confront a A Shark in The First Manned Space Station',2006,4,7,'2.99',176,'11.99','PG','Trailers,Deleted Scenes'),
(381,'GRINCH MASSAGE','A Intrepid Display of a Madman And a Feminist who must Pursue a Pioneer in The First Manned Space Station',2006,4,7,'4.99',150,'25.99','R','Trailers'),
(382,'GRIT CLOCKWORK','A Thoughtful Display of a Dentist And a Squirrel who must Confront a Lumberjack in A Shark Tank',2006,4,3,'0.99',137,'21.99','PG','Trailers,Deleted Scenes'),
(383,'GROOVE FICTION','A Unbelieveable Reflection of a Moose And a A Shark who must Defeat a Lumberjack in An Abandoned Mine Shaft',2006,4,6,'0.99',111,'13.99','NC-17','Behind the Scenes'),
(384,'GROSSE WONDERFUL','A Epic Drama of a Cat And a Explorer who must Redeem a Moose in Australia',2006,4,5,'4.99',49,'19.99','R','Behind the Scenes'),
(385,'GROUNDHOG UNCUT','A Brilliant Panorama of a Astronaut And a Technical Writer who must Discover a Butler in A Manhattan Penthouse',2006,4,6,'4.99',139,'26.99','PG-13','Trailers,Commentaries,Deleted Scenes,Behind the Scenes'),
(386,'GUMP DATE','A Intrepid Yarn of a Explorer And a Student who must Kill a Husband in An Abandoned Mine Shaft',2006,4,3,'4.99',53,'12.99','NC-17','Deleted Scenes'),
(387,'GUN BONNIE','A Boring Display of a Sumo Wrestler And a Husband who must Build a Waitress in The Gulf of Mexico',2006,4,7,'0.99',100,'27.99','G','Behind the Scenes'),
(388,'GUNFIGHT MOON','A Epic Reflection of a Pastry Chef And a Explorer who must Reach a Dentist in The Sahara Desert',2006,4,5,'0.99',70,'16.99','NC-17','Deleted Scenes,Behind the Scenes'),
(389,'GUNFIGHTER MUSSOLINI','A Touching Saga of a Robot And a Boy who must Kill a Man in Ancient Japan',2006,4,3,'2.99',127,'9.99','PG-13','Trailers,Commentaries'),
(390,'GUYS FALCON','A Boring Story of a Woman And a Feminist who must Redeem a Squirrel in A U-Boat',2006,4,4,'4.99',84,'20.99','R','Trailers,Commentaries,Behind the Scenes'),
(391,'HALF OUTFIELD','A Epic Epistle of a Database Administrator And a Crocodile who must Face a Madman in A Jet Boat',2006,4,6,'2.99',146,'25.99','PG-13','Trailers,Commentaries,Deleted Scenes,Behind the Scenes'),
(392,'HALL CASSIDY','A Beautiful Panorama of a Pastry Chef And a A Shark who must Battle a Pioneer in Soviet Georgia',2006,4,5,'4.99',51,'13.99','NC-17','Commentaries,Behind the Scenes'),
(393,'HALLOWEEN NUTS','A Amazing Panorama of a Forensic Psychologist And a Technical Writer who must Fight a Dentist in A U-Boat',2006,4,6,'2.99',47,'19.99','PG-13','Deleted Scenes'),
(394,'HAMLET WISDOM','A Touching Reflection of a Man And a Man who must Sink a Robot in The Outback',2006,4,7,'2.99',146,'21.99','R','Trailers,Deleted Scenes'),
(395,'HANDICAP BOONDOCK','A Beautiful Display of a Pioneer And a Squirrel who must Vanquish a Sumo Wrestler in Soviet Georgia',2006,4,4,'0.99',108,'28.99','R','Commentaries,Deleted Scenes,Behind the Scenes'),
(396,'HANGING DEEP','A Action-Packed Yarn of a Boat And a Crocodile who must Build a Monkey in Berlin',2006,4,5,'4.99',62,'18.99','G','Trailers,Commentaries,Deleted Scenes'),
(397,'HANKY OCTOBER','A Boring Epistle of a Database Administrator And a Explorer who must Pursue a Madman in Soviet Georgia',2006,4,5,'2.99',107,'26.99','NC-17','Trailers,Commentaries,Deleted Scenes'),
(398,'HANOVER GALAXY','A Stunning Reflection of a Girl And a Secret Agent who must Succumb a Boy in A MySQL Convention',2006,4,5,'4.99',47,'21.99','NC-17','Commentaries,Deleted Scenes,Behind the Scenes'),
(399,'HAPPINESS UNITED','A Action-Packed Panorama of a Husband And a Feminist who must Meet a Forensic Psychologist in Ancient Japan',2006,4,6,'2.99',100,'23.99','G','Deleted Scenes'),
(400,'HARDLY ROBBERS','A Emotional Character Study of a Hunter And a Car who must Kill a Woman in Berlin',2006,4,7,'2.99',72,'15.99','R','Trailers,Behind the Scenes'),
(401,'HAROLD FRENCH','A Stunning Saga of a Sumo Wrestler And a Student who must Outrace a Moose in The Sahara Desert',2006,4,6,'0.99',168,'10.99','NC-17','Commentaries,Deleted Scenes,Behind the Scenes'),
(402,'HARPER DYING','A Awe-Inspiring Reflection of a Woman And a Cat who must Confront a Feminist in The Sahara Desert',2007,4,3,'0.99',52,'15.99','G','Trailers'),
(403,'HARRY IDAHO','A Taut Yarn of a Technical Writer And a Feminist who must Outrace a Dog in California',2007,4,5,'4.99',121,'18.99','PG-13','Commentaries,Deleted Scenes'),
(404,'HATE HANDICAP','A Intrepid Reflection of a Mad Scientist And a Pioneer who must Overcome a Hunter in The First Manned Space Station',2007,4,4,'0.99',107,'26.99','PG','Trailers,Commentaries,Behind the Scenes'),
(405,'HAUNTED ANTITRUST','A Amazing Saga of a Man And a Dentist who must Reach a Technical Writer in Ancient India',2007,4,6,'4.99',76,'13.99','NC-17','Trailers,Deleted Scenes'),
(406,'HAUNTING PIANIST','A Fast-Paced Story of a Database Administrator And a Composer who must Defeat a Squirrel in An Abandoned Amusement Park',2007,4,5,'0.99',181,'22.99','R','Behind the Scenes'),
(407,'HAWK CHILL','A Action-Packed Drama of a Mad Scientist And a Composer who must Outgun a Car in Australia',2007,4,5,'0.99',47,'12.99','PG-13','Behind the Scenes'),
(408,'HEAD STRANGER','A Thoughtful Saga of a Hunter And a Crocodile who must Confront a Dog in The Gulf of Mexico',2007,4,4,'4.99',69,'28.99','R','Trailers,Commentaries'),
(409,'HEARTBREAKERS BRIGHT','A Awe-Inspiring Documentary of a A Shark And a Dentist who must Outrace a Pastry Chef in The Canadian Rockies',2007,4,3,'4.99',59,'9.99','G','Trailers,Deleted Scenes'),
(410,'HEAVEN FREEDOM','A Intrepid Story of a Butler And a Car who must Vanquish a Man in New Orleans',2007,4,7,'2.99',48,'19.99','PG','Commentaries'),
(411,'HEAVENLY GUN','A Beautiful Yarn of a Forensic Psychologist And a Frisbee who must Battle a Moose in A Jet Boat',2007,4,5,'4.99',49,'13.99','NC-17','Behind the Scenes'),
(412,'HEAVYWEIGHTS BEAST','A Unbelieveable Story of a Composer And a Dog who must Overcome a Womanizer in An Abandoned Amusement Park',2007,4,6,'4.99',102,'25.99','G','Deleted Scenes'),
(413,'HEDWIG ALTER','A Action-Packed Yarn of a Womanizer And a Lumberjack who must Chase a Sumo Wrestler in A Monastery',2007,4,7,'2.99',169,'16.99','NC-17','Trailers,Commentaries,Behind the Scenes'),
(414,'HELLFIGHTERS SIERRA','A Taut Reflection of a A Shark And a Dentist who must Battle a Boat in Soviet Georgia',2007,4,3,'2.99',75,'23.99','PG','Deleted Scenes,Behind the Scenes'),
(415,'HIGH ENCINO','A Fateful Saga of a Waitress And a Hunter who must Outrace a Sumo Wrestler in Australia',2007,4,3,'2.99',84,'23.99','R','Trailers,Commentaries,Behind the Scenes'),
(416,'HIGHBALL POTTER','A Action-Packed Saga of a Husband And a Dog who must Redeem a Database Administrator in The Sahara Desert',2007,4,6,'0.99',110,'10.99','R','Deleted Scenes'),
(417,'HILLS NEIGHBORS','A Epic Display of a Hunter And a Feminist who must Sink a Car in A U-Boat',2007,4,5,'0.99',93,'29.99','G','Trailers,Commentaries,Deleted Scenes,Behind the Scenes'),
(418,'HOBBIT ALIEN','A Emotional Drama of a Husband And a Girl who must Outgun a Composer in The First Manned Space Station',2007,4,5,'0.99',157,'27.99','PG-13','Commentaries'),
(419,'HOCUS FRIDA','A Awe-Inspiring Tale of a Girl And a Madman who must Outgun a Student in A Shark Tank',2007,4,4,'2.99',141,'19.99','G','Trailers,Deleted Scenes,Behind the Scenes'),
(420,'HOLES BRANNIGAN','A Fast-Paced Reflection of a Technical Writer And a Student who must Fight a Boy in The Canadian Rockies',2007,4,7,'4.99',128,'27.99','PG','Commentaries,Behind the Scenes'),
(421,'HOLIDAY GAMES','A Insightful Reflection of a Waitress And a Madman who must Pursue a Boy in Ancient Japan',2007,4,7,'4.99',78,'10.99','PG-13','Trailers,Commentaries,Behind the Scenes'),
(422,'HOLLOW JEOPARDY','A Beautiful Character Study of a Robot And a Astronaut who must Overcome a Boat in A Monastery',2007,4,7,'4.99',136,'25.99','NC-17','Behind the Scenes'),
(423,'HOLLYWOOD ANONYMOUS','A Fast-Paced Epistle of a Boy And a Explorer who must Escape a Dog in A U-Boat',2007,4,7,'0.99',69,'29.99','PG','Trailers,Behind the Scenes'),
(424,'HOLOCAUST HIGHBALL','A Awe-Inspiring Yarn of a Composer And a Man who must Find a Robot in Soviet Georgia',2007,4,6,'0.99',149,'12.99','R','Deleted Scenes'),
(425,'HOLY TADPOLE','A Action-Packed Display of a Feminist And a Pioneer who must Pursue a Dog in A Baloon Factory',2007,4,6,'0.99',88,'20.99','R','Behind the Scenes'),
(426,'HOME PITY','A Touching Panorama of a Man And a Secret Agent who must Challenge a Teacher in A MySQL Convention',2007,4,7,'4.99',185,'15.99','R','Trailers,Commentaries,Behind the Scenes'),
(427,'HOMEWARD CIDER','A Taut Reflection of a Astronaut And a Squirrel who must Fight a Squirrel in A Manhattan Penthouse',2007,4,5,'0.99',103,'19.99','R','Trailers'),
(428,'HOMICIDE PEACH','A Astounding Documentary of a Hunter And a Boy who must Confront a Boy in A MySQL Convention',2007,4,6,'2.99',141,'21.99','PG-13','Commentaries'),
(429,'HONEY TIES','A Taut Story of a Waitress And a Crocodile who must Outrace a Lumberjack in A Shark Tank',2007,4,3,'0.99',84,'29.99','R','Trailers,Commentaries,Deleted Scenes'),
(430,'HOOK CHARIOTS','A Insightful Story of a Boy And a Dog who must Redeem a Boy in Australia',2007,4,7,'0.99',49,'23.99','G','Trailers,Commentaries,Behind the Scenes'),
(431,'HOOSIERS BIRDCAGE','A Astounding Display of a Explorer And a Boat who must Vanquish a Car in The First Manned Space Station',2007,4,3,'2.99',176,'12.99','G','Trailers,Commentaries,Deleted Scenes'),
(432,'HOPE TOOTSIE','A Amazing Documentary of a Student And a Sumo Wrestler who must Outgun a A Shark in A Shark Tank',2007,4,4,'2.99',139,'22.99','NC-17','Trailers,Deleted Scenes,Behind the Scenes'),
(433,'HORN WORKING','A Stunning Display of a Mad Scientist And a Technical Writer who must Succumb a Monkey in A Shark Tank',2007,4,4,'2.99',95,'23.99','PG','Trailers'),
(434,'HORROR REIGN','A Touching Documentary of a A Shark And a Car who must Build a Husband in Nigeria',2007,4,3,'0.99',139,'25.99','R','Deleted Scenes,Behind the Scenes'),
(435,'HOTEL HAPPINESS','A Thrilling Yarn of a Pastry Chef And a A Shark who must Challenge a Mad Scientist in The Outback',2007,4,6,'4.99',181,'28.99','PG-13','Behind the Scenes'),
(436,'HOURS RAGE','A Fateful Story of a Explorer And a Feminist who must Meet a Technical Writer in Soviet Georgia',2007,6,4,'0.99',122,'14.99','NC-17','Trailers,Deleted Scenes'),
(437,'HOUSE DYNAMITE','A Taut Story of a Pioneer And a Squirrel who must Battle a Student in Soviet Georgia',2007,6,7,'2.99',109,'13.99','R','Commentaries,Deleted Scenes,Behind the Scenes'),
(438,'HUMAN GRAFFITI','A Beautiful Reflection of a Womanizer And a Sumo Wrestler who must Chase a Database Administrator in The Gulf of Mexico',2007,6,3,'2.99',68,'22.99','NC-17','Trailers,Behind the Scenes'),
(439,'HUNCHBACK IMPOSSIBLE','A Touching Yarn of a Frisbee And a Dentist who must Fight a Composer in Ancient Japan',2007,6,4,'4.99',151,'28.99','PG-13','Trailers,Deleted Scenes'),
(440,'HUNGER ROOF','A Unbelieveable Yarn of a Student And a Database Administrator who must Outgun a Husband in An Abandoned Mine Shaft',2007,6,6,'0.99',105,'21.99','G','Deleted Scenes,Behind the Scenes'),
(441,'HUNTER ALTER','A Emotional Drama of a Mad Cow And a Boat who must Redeem a Secret Agent in A Shark Tank',2007,6,5,'2.99',125,'21.99','PG-13','Commentaries,Deleted Scenes,Behind the Scenes'),
(442,'HUNTING MUSKETEERS','A Thrilling Reflection of a Pioneer And a Dentist who must Outrace a Womanizer in An Abandoned Mine Shaft',2007,6,6,'2.99',65,'24.99','NC-17','Trailers,Deleted Scenes'),
(443,'HURRICANE AFFAIR','A Lacklusture Epistle of a Database Administrator And a Woman who must Meet a Hunter in An Abandoned Mine Shaft',2007,6,6,'2.99',49,'11.99','PG','Trailers,Commentaries,Behind the Scenes'),
(444,'HUSTLER PARTY','A Emotional Reflection of a Sumo Wrestler And a Monkey who must Conquer a Robot in The Sahara Desert',2007,6,3,'4.99',83,'22.99','NC-17','Trailers,Commentaries,Behind the Scenes'),
(445,'HYDE DOCTOR','A Fanciful Documentary of a Boy And a Woman who must Redeem a Womanizer in A Jet Boat',2007,6,5,'2.99',100,'11.99','G','Trailers,Deleted Scenes'),
(446,'HYSTERICAL GRAIL','A Amazing Saga of a Madman And a Dentist who must Build a Car in A Manhattan Penthouse',2007,6,5,'4.99',150,'19.99','PG','Trailers,Commentaries,Deleted Scenes'),
(447,'ICE CROSSING','A Fast-Paced Tale of a Butler And a Moose who must Overcome a Pioneer in A Manhattan Penthouse',2007,6,5,'2.99',131,'28.99','R','Deleted Scenes'),
(448,'IDAHO LOVE','A Fast-Paced Drama of a Student And a Crocodile who must Meet a Database Administrator in The Outback',2007,6,3,'2.99',172,'25.99','PG-13','Trailers,Commentaries,Deleted Scenes,Behind the Scenes'),
(449,'IDENTITY LOVER','A Boring Tale of a Composer And a Mad Cow who must Defeat a Car in The Outback',2007,6,4,'2.99',119,'12.99','PG-13','Deleted Scenes'),
(450,'IDOLS SNATCHERS','A Insightful Drama of a Car And a Composer who must Fight a Man in A Monastery',2007,6,5,'2.99',84,'29.99','NC-17','Trailers'),
(451,'IGBY MAKER','A Epic Documentary of a Hunter And a Dog who must Outgun a Dog in A Baloon Factory',2007,6,7,'4.99',160,'12.99','NC-17','Trailers,Behind the Scenes'),
(452,'ILLUSION AMELIE','A Emotional Epistle of a Boat And a Mad Scientist who must Outrace a Robot in An Abandoned Mine Shaft',2007,6,4,'0.99',122,'15.99','R','Commentaries,Behind the Scenes'),
(453,'IMAGE PRINCESS','A Lacklusture Panorama of a Secret Agent And a Crocodile who must Discover a Madman in The Canadian Rockies',2007,6,3,'2.99',178,'17.99','PG-13','Trailers,Commentaries,Deleted Scenes'),
(454,'IMPACT ALADDIN','A Epic Character Study of a Frisbee And a Moose who must Outgun a Technical Writer in A Shark Tank',2007,6,6,'0.99',180,'20.99','PG-13','Trailers,Deleted Scenes'),
(455,'IMPOSSIBLE PREJUDICE','A Awe-Inspiring Yarn of a Monkey And a Hunter who must Chase a Teacher in Ancient China',2007,6,7,'4.99',103,'11.99','NC-17','Deleted Scenes'),
(456,'INCH JET','A Fateful Saga of a Womanizer And a Student who must Defeat a Butler in A Monastery',2007,6,6,'4.99',167,'18.99','NC-17','Deleted Scenes'),
(457,'INDEPENDENCE HOTEL','A Thrilling Tale of a Technical Writer And a Boy who must Face a Pioneer in A Monastery',2007,6,5,'0.99',157,'21.99','NC-17','Trailers,Behind the Scenes'),
(458,'INDIAN LOVE','A Insightful Saga of a Mad Scientist And a Mad Scientist who must Kill a Astronaut in An Abandoned Fun House',2007,6,4,'0.99',135,'26.99','NC-17','Trailers,Commentaries,Deleted Scenes,Behind the Scenes'),
(459,'INFORMER DOUBLE','A Action-Packed Display of a Woman And a Dentist who must Redeem a Forensic Psychologist in The Canadian Rockies',2007,6,4,'4.99',74,'23.99','NC-17','Trailers,Commentaries'),
(460,'INNOCENT USUAL','A Beautiful Drama of a Pioneer And a Crocodile who must Challenge a Student in The Outback',2007,6,3,'4.99',178,'26.99','PG-13','Trailers,Deleted Scenes,Behind the Scenes'),
(461,'INSECTS STONE','A Epic Display of a Butler And a Dog who must Vanquish a Crocodile in A Manhattan Penthouse',2007,6,3,'0.99',123,'14.99','NC-17','Trailers,Commentaries,Behind the Scenes'),
(462,'INSIDER ARIZONA','A Astounding Saga of a Mad Scientist And a Hunter who must Pursue a Robot in A Baloon Factory',2007,6,5,'2.99',78,'17.99','NC-17','Commentaries'),
(463,'INSTINCT AIRPORT','A Touching Documentary of a Mad Cow And a Explorer who must Confront a Butler in A Manhattan Penthouse',2007,6,4,'2.99',116,'21.99','PG','Commentaries,Deleted Scenes'),
(464,'INTENTIONS EMPIRE','A Astounding Epistle of a Cat And a Cat who must Conquer a Mad Cow in A U-Boat',2007,6,3,'2.99',107,'13.99','PG-13','Trailers,Behind the Scenes'),
(465,'INTERVIEW LIAISONS','A Action-Packed Reflection of a Student And a Butler who must Discover a Database Administrator in A Manhattan Penthouse',2007,6,4,'4.99',59,'17.99','R','Commentaries,Behind the Scenes'),
(466,'INTOLERABLE INTENTIONS','A Awe-Inspiring Story of a Monkey And a Pastry Chef who must Succumb a Womanizer in A MySQL Convention',2007,6,6,'4.99',63,'20.99','PG-13','Commentaries,Behind the Scenes'),
(467,'INTRIGUE WORST','A Fanciful Character Study of a Explorer And a Mad Scientist who must Vanquish a Squirrel in A Jet Boat',2007,6,6,'0.99',181,'10.99','G','Deleted Scenes'),
(468,'INVASION CYCLONE','A Lacklusture Character Study of a Mad Scientist And a Womanizer who must Outrace a Explorer in A Monastery',2007,6,5,'2.99',97,'12.99','PG','Trailers,Deleted Scenes'),
(469,'IRON MOON','A Fast-Paced Documentary of a Mad Cow And a Boy who must Pursue a Dentist in A Baloon',2007,6,7,'4.99',46,'27.99','PG','Commentaries,Behind the Scenes'),
(470,'ISHTAR ROCKETEER','A Astounding Saga of a Dog And a Squirrel who must Conquer a Dog in An Abandoned Fun House',2007,6,4,'4.99',79,'24.99','R','Trailers,Commentaries,Deleted Scenes'),
(471,'ISLAND EXORCIST','A Fanciful Panorama of a Technical Writer And a Boy who must Find a Dentist in An Abandoned Fun House',2007,6,7,'2.99',84,'23.99','NC-17','Trailers,Commentaries'),
(472,'ITALIAN AFRICAN','A Astounding Character Study of a Monkey And a Moose who must Outgun a Cat in A U-Boat',2007,6,3,'4.99',174,'24.99','G','Trailers,Commentaries,Deleted Scenes'),
(473,'JACKET FRISCO','A Insightful Reflection of a Womanizer And a Husband who must Conquer a Pastry Chef in A Baloon',2007,6,5,'2.99',181,'16.99','PG-13','Trailers,Deleted Scenes,Behind the Scenes'),
(474,'JADE BUNCH','A Insightful Panorama of a Squirrel And a Mad Cow who must Confront a Student in The First Manned Space Station',2007,6,6,'2.99',174,'21.99','NC-17','Trailers,Commentaries,Behind the Scenes'),
(475,'JAPANESE RUN','A Awe-Inspiring Epistle of a Feminist And a Girl who must Sink a Girl in The Outback',2007,6,6,'0.99',135,'29.99','G','Deleted Scenes'),
(476,'JASON TRAP','A Thoughtful Tale of a Woman And a A Shark who must Conquer a Dog in A Monastery',2007,6,5,'2.99',130,'9.99','NC-17','Trailers,Deleted Scenes,Behind the Scenes'),
(477,'JAWBREAKER BROOKLYN','A Stunning Reflection of a Boat And a Pastry Chef who must Succumb a A Shark in A Jet Boat',2007,6,5,'0.99',118,'15.99','PG','Trailers,Behind the Scenes'),
(478,'JAWS HARRY','A Thrilling Display of a Database Administrator And a Monkey who must Overcome a Dog in An Abandoned Fun House',2007,6,4,'2.99',112,'10.99','G','Deleted Scenes'),
(479,'JEDI BENEATH','A Astounding Reflection of a Explorer And a Dentist who must Pursue a Student in Nigeria',2007,6,7,'0.99',128,'12.99','PG','Trailers,Commentaries,Deleted Scenes'),
(480,'JEEPERS WEDDING','A Astounding Display of a Composer And a Dog who must Kill a Pastry Chef in Soviet Georgia',2007,6,3,'2.99',84,'29.99','R','Trailers,Commentaries,Deleted Scenes'),
(481,'JEKYLL FROGMEN','A Fanciful Epistle of a Student And a Astronaut who must Kill a Waitress in A Shark Tank',2007,6,4,'2.99',58,'22.99','PG','Commentaries,Deleted Scenes,Behind the Scenes'),
(482,'JEOPARDY ENCINO','A Boring Panorama of a Man And a Mad Cow who must Face a Explorer in Ancient India',2007,6,3,'0.99',102,'12.99','R','Trailers,Commentaries'),
(483,'JERICHO MULAN','A Amazing Yarn of a Hunter And a Butler who must Defeat a Boy in A Jet Boat',2007,6,3,'2.99',171,'29.99','NC-17','Commentaries'),
(484,'JERK PAYCHECK','A Touching Character Study of a Pastry Chef And a Database Administrator who must Reach a A Shark in Ancient Japan',2007,6,3,'2.99',172,'13.99','NC-17','Trailers,Commentaries,Deleted Scenes,Behind the Scenes'),
(485,'JERSEY SASSY','A Lacklusture Documentary of a Madman And a Mad Cow who must Find a Feminist in Ancient Japan',2007,6,6,'4.99',60,'16.99','PG','Deleted Scenes,Behind the Scenes'),
(486,'JET NEIGHBORS','A Amazing Display of a Lumberjack And a Teacher who must Outrace a Woman in A U-Boat',2007,6,7,'4.99',59,'14.99','R','Trailers,Commentaries,Behind the Scenes'),
(487,'JINGLE SAGEBRUSH','A Epic Character Study of a Feminist And a Student who must Meet a Woman in A Baloon',2007,6,6,'4.99',124,'29.99','PG-13','Trailers,Commentaries'),
(488,'JOON NORTHWEST','A Thrilling Panorama of a Technical Writer And a Car who must Discover a Forensic Psychologist in A Shark Tank',2007,6,3,'0.99',105,'23.99','NC-17','Trailers,Commentaries,Behind the Scenes'),
(489,'JUGGLER HARDLY','A Epic Story of a Mad Cow And a Astronaut who must Challenge a Car in California',2007,6,4,'0.99',54,'14.99','PG-13','Trailers,Commentaries'),
(490,'JUMANJI BLADE','A Intrepid Yarn of a Husband And a Womanizer who must Pursue a Mad Scientist in New Orleans',2007,6,4,'2.99',121,'13.99','G','Commentaries,Behind the Scenes'),
(491,'JUMPING WRATH','A Touching Epistle of a Monkey And a Feminist who must Discover a Boat in Berlin',2007,6,4,'0.99',74,'18.99','NC-17','Commentaries,Behind the Scenes'),
(492,'JUNGLE CLOSER','A Boring Character Study of a Boy And a Woman who must Battle a Astronaut in Australia',2007,6,6,'0.99',134,'11.99','NC-17','Trailers,Commentaries,Deleted Scenes'),
(493,'KANE EXORCIST','A Epic Documentary of a Composer And a Robot who must Overcome a Car in Berlin',2007,6,5,'0.99',92,'18.99','R','Trailers,Commentaries'),
(494,'KARATE MOON','A Astounding Yarn of a Womanizer And a Dog who must Reach a Waitress in A MySQL Convention',2007,6,4,'0.99',120,'21.99','PG-13','Behind the Scenes'),
(495,'KENTUCKIAN GIANT','A Stunning Yarn of a Woman And a Frisbee who must Escape a Waitress in A U-Boat',2007,6,5,'2.99',169,'10.99','PG','Trailers,Commentaries,Deleted Scenes,Behind the Scenes'),
(496,'KICK SAVANNAH','A Emotional Drama of a Monkey And a Robot who must Defeat a Monkey in New Orleans',2007,6,3,'0.99',179,'10.99','PG-13','Trailers,Commentaries,Deleted Scenes'),
(497,'KILL BROTHERHOOD','A Touching Display of a Hunter And a Secret Agent who must Redeem a Husband in The Outback',2007,6,4,'0.99',54,'15.99','G','Trailers,Commentaries'),
(498,'KILLER INNOCENT','A Fanciful Character Study of a Student And a Explorer who must Succumb a Composer in An Abandoned Mine Shaft',2007,6,7,'2.99',161,'11.99','R','Trailers,Commentaries,Deleted Scenes'),
(499,'KING EVOLUTION','A Action-Packed Tale of a Boy And a Lumberjack who must Chase a Madman in A Baloon',2007,6,3,'4.99',184,'24.99','NC-17','Trailers,Deleted Scenes,Behind the Scenes'),
(500,'KISS GLORY','A Lacklusture Reflection of a Girl And a Husband who must Find a Robot in The Canadian Rockies',2007,6,5,'4.99',163,'11.99','PG-13','Trailers,Commentaries,Behind the Scenes'),
(501,'KISSING DOLLS','A Insightful Reflection of a Pioneer And a Teacher who must Build a Composer in The First Manned Space Station',2007,6,3,'4.99',141,'9.99','R','Trailers'),
(502,'KNOCK WARLOCK','A Unbelieveable Story of a Teacher And a Boat who must Confront a Moose in A Baloon',2007,6,4,'2.99',71,'21.99','PG-13','Trailers'),
(503,'KRAMER CHOCOLATE','A Amazing Yarn of a Robot And a Pastry Chef who must Redeem a Mad Scientist in The Outback',2007,6,3,'2.99',171,'24.99','R','Trailers'),
(504,'KWAI HOMEWARD','A Amazing Drama of a Car And a Squirrel who must Pursue a Car in Soviet Georgia',2007,6,5,'0.99',46,'25.99','PG-13','Trailers,Commentaries'),
(505,'LABYRINTH LEAGUE','A Awe-Inspiring Saga of a Composer And a Frisbee who must Succumb a Pioneer in The Sahara Desert',2007,6,6,'2.99',46,'24.99','PG-13','Commentaries,Behind the Scenes'),
(506,'LADY STAGE','A Beautiful Character Study of a Woman And a Man who must Pursue a Explorer in A U-Boat',2007,6,4,'4.99',67,'14.99','PG','Trailers,Deleted Scenes,Behind the Scenes'),
(507,'LADYBUGS ARMAGEDDON','A Fateful Reflection of a Dog And a Mad Scientist who must Meet a Mad Scientist in New Orleans',2007,6,4,'0.99',113,'13.99','NC-17','Deleted Scenes'),
(508,'LAMBS CINCINATTI','A Insightful Story of a Man And a Feminist who must Fight a Composer in Australia',2007,6,6,'4.99',144,'18.99','PG-13','Trailers,Behind the Scenes'),
(509,'LANGUAGE COWBOY','A Epic Yarn of a Cat And a Madman who must Vanquish a Dentist in An Abandoned Amusement Park',2007,6,5,'0.99',78,'26.99','NC-17','Trailers,Deleted Scenes'),
(510,'LAWLESS VISION','A Insightful Yarn of a Boy And a Sumo Wrestler who must Outgun a Car in The Outback',2007,6,6,'4.99',181,'29.99','G','Deleted Scenes,Behind the Scenes'),
(511,'LAWRENCE LOVE','A Fanciful Yarn of a Database Administrator And a Mad Cow who must Pursue a Womanizer in Berlin',2007,6,7,'0.99',175,'23.99','NC-17','Commentaries,Deleted Scenes,Behind the Scenes'),
(512,'LEAGUE HELLFIGHTERS','A Thoughtful Saga of a A Shark And a Monkey who must Outgun a Student in Ancient China',2007,6,5,'4.99',110,'25.99','PG-13','Trailers'),
(513,'LEATHERNECKS DWARFS','A Fateful Reflection of a Dog And a Mad Cow who must Outrace a Teacher in An Abandoned Mine Shaft',2007,6,6,'2.99',153,'21.99','PG-13','Trailers,Commentaries,Behind the Scenes'),
(514,'LEBOWSKI SOLDIERS','A Beautiful Epistle of a Secret Agent And a Pioneer who must Chase a Astronaut in Ancient China',2007,6,6,'2.99',69,'17.99','PG-13','Commentaries,Deleted Scenes'),
(515,'LEGALLY SECRETARY','A Astounding Tale of a A Shark And a Moose who must Meet a Womanizer in The Sahara Desert',2007,6,7,'4.99',113,'14.99','PG','Trailers,Commentaries,Behind the Scenes'),
(516,'LEGEND JEDI','A Awe-Inspiring Epistle of a Pioneer And a Student who must Outgun a Crocodile in The Outback',2007,6,7,'0.99',59,'18.99','PG','Commentaries,Deleted Scenes'),
(517,'LESSON CLEOPATRA','A Emotional Display of a Man And a Explorer who must Build a Boy in A Manhattan Penthouse',2007,6,3,'0.99',167,'28.99','NC-17','Deleted Scenes,Behind the Scenes'),
(518,'LIAISONS SWEET','A Boring Drama of a A Shark And a Explorer who must Redeem a Waitress in The Canadian Rockies',2007,6,5,'4.99',140,'15.99','PG','Commentaries,Behind the Scenes'),
(519,'LIBERTY MAGNIFICENT','A Boring Drama of a Student And a Cat who must Sink a Technical Writer in A Baloon',2007,6,3,'2.99',138,'27.99','G','Commentaries,Deleted Scenes,Behind the Scenes'),
(520,'LICENSE WEEKEND','A Insightful Story of a Man And a Husband who must Overcome a Madman in A Monastery',2007,6,7,'2.99',91,'28.99','NC-17','Deleted Scenes,Behind the Scenes'),
(521,'LIES TREATMENT','A Fast-Paced Character Study of a Dentist And a Moose who must Defeat a Composer in The First Manned Space Station',2007,6,7,'4.99',147,'28.99','NC-17','Commentaries,Deleted Scenes,Behind the Scenes'),
(522,'LIFE TWISTED','A Thrilling Reflection of a Teacher And a Composer who must Find a Man in The First Manned Space Station',2007,6,4,'2.99',137,'9.99','NC-17','Commentaries,Deleted Scenes'),
(523,'LIGHTS DEER','A Unbelieveable Epistle of a Dog And a Woman who must Confront a Moose in The Gulf of Mexico',2007,6,7,'0.99',174,'21.99','R','Commentaries'),
(524,'LION UNCUT','A Intrepid Display of a Pastry Chef And a Cat who must Kill a A Shark in Ancient China',2008,6,6,'0.99',50,'13.99','PG','Trailers,Deleted Scenes'),
(525,'LOATHING LEGALLY','A Boring Epistle of a Pioneer And a Mad Scientist who must Escape a Frisbee in The Gulf of Mexico',2008,6,4,'0.99',140,'29.99','R','Deleted Scenes'),
(526,'LOCK REAR','A Thoughtful Character Study of a Squirrel And a Technical Writer who must Outrace a Student in Ancient Japan',2008,6,7,'2.99',120,'10.99','R','Trailers,Commentaries'),
(527,'LOLA AGENT','A Astounding Tale of a Mad Scientist And a Husband who must Redeem a Database Administrator in Ancient Japan',2008,6,4,'4.99',85,'24.99','PG','Trailers,Commentaries'),
(528,'LOLITA WORLD','A Thrilling Drama of a Girl And a Robot who must Redeem a Waitress in An Abandoned Mine Shaft',2008,6,4,'2.99',155,'25.99','NC-17','Trailers,Deleted Scenes'),
(529,'LONELY ELEPHANT','A Intrepid Story of a Student And a Dog who must Challenge a Explorer in Soviet Georgia',2008,6,3,'2.99',67,'12.99','G','Trailers,Commentaries,Deleted Scenes,Behind the Scenes'),
(530,'LORD ARIZONA','A Action-Packed Display of a Frisbee And a Pastry Chef who must Pursue a Crocodile in A Jet Boat',2008,6,5,'2.99',108,'27.99','PG-13','Trailers'),
(531,'LOSE INCH','A Stunning Reflection of a Student And a Technical Writer who must Battle a Butler in The First Manned Space Station',2008,6,3,'0.99',137,'18.99','R','Trailers,Commentaries'),
(532,'LOSER HUSTLER','A Stunning Drama of a Robot And a Feminist who must Outgun a Butler in Nigeria',2008,6,5,'4.99',80,'28.99','PG','Deleted Scenes,Behind the Scenes'),
(533,'LOST BIRD','A Emotional Character Study of a Robot And a A Shark who must Defeat a Technical Writer in A Manhattan Penthouse',2008,6,4,'2.99',98,'21.99','PG-13','Deleted Scenes'),
(534,'LOUISIANA HARRY','A Lacklusture Drama of a Girl And a Technical Writer who must Redeem a Monkey in A Shark Tank',2008,6,5,'0.99',70,'18.99','PG-13','Trailers'),
(535,'LOVE SUICIDES','A Brilliant Panorama of a Hunter And a Explorer who must Pursue a Dentist in An Abandoned Fun House',2008,6,6,'0.99',181,'21.99','R','Trailers,Behind the Scenes'),
(536,'LOVELY JINGLE','A Fanciful Yarn of a Crocodile And a Forensic Psychologist who must Discover a Crocodile in The Outback',2008,6,3,'2.99',65,'18.99','PG','Trailers,Behind the Scenes'),
(537,'LOVER TRUMAN','A Emotional Yarn of a Robot And a Boy who must Outgun a Technical Writer in A U-Boat',2008,6,3,'2.99',75,'29.99','G','Trailers'),
(538,'LOVERBOY ATTACKS','A Boring Story of a Car And a Butler who must Build a Girl in Soviet Georgia',2008,6,7,'0.99',162,'19.99','PG-13','Trailers,Behind the Scenes'),
(539,'LUCK OPUS','A Boring Display of a Moose And a Squirrel who must Outrace a Teacher in A Shark Tank',2008,6,7,'2.99',152,'21.99','NC-17','Trailers,Commentaries,Behind the Scenes'),
(540,'LUCKY FLYING','A Lacklusture Character Study of a A Shark And a Man who must Find a Forensic Psychologist in A U-Boat',2008,6,7,'2.99',97,'10.99','PG-13','Trailers,Commentaries,Behind the Scenes'),
(541,'LUKE MUMMY','A Taut Character Study of a Boy And a Robot who must Redeem a Mad Scientist in Ancient India',2008,6,5,'2.99',74,'21.99','NC-17','Trailers,Behind the Scenes'),
(542,'LUST LOCK','A Fanciful Panorama of a Hunter And a Dentist who must Meet a Secret Agent in The Sahara Desert',2008,6,3,'2.99',52,'28.99','G','Trailers,Commentaries,Behind the Scenes'),
(543,'MADIGAN DORADO','A Astounding Character Study of a A Shark And a A Shark who must Discover a Crocodile in The Outback',2008,6,5,'4.99',116,'20.99','R','Deleted Scenes,Behind the Scenes'),
(544,'MADISON TRAP','A Awe-Inspiring Reflection of a Monkey And a Dentist who must Overcome a Pioneer in A U-Boat',2008,6,4,'2.99',147,'11.99','R','Commentaries,Deleted Scenes,Behind the Scenes'),
(545,'MADNESS ATTACKS','A Fanciful Tale of a Squirrel And a Boat who must Defeat a Crocodile in The Gulf of Mexico',2008,6,4,'0.99',178,'14.99','PG-13','Trailers'),
(546,'MADRE GABLES','A Intrepid Panorama of a Sumo Wrestler And a Forensic Psychologist who must Discover a Moose in The First Manned Space Station',2008,6,7,'2.99',98,'27.99','PG-13','Trailers,Commentaries,Deleted Scenes'),
(547,'MAGIC MALLRATS','A Touching Documentary of a Pastry Chef And a Pastry Chef who must Build a Mad Scientist in California',2008,6,3,'0.99',117,'19.99','PG','Trailers,Commentaries'),
(548,'MAGNIFICENT CHITTY','A Insightful Story of a Teacher And a Hunter who must Face a Mad Cow in California',2008,6,3,'2.99',53,'27.99','R','Commentaries,Deleted Scenes'),
(549,'MAGNOLIA FORRESTER','A Thoughtful Documentary of a Composer And a Explorer who must Conquer a Dentist in New Orleans',2008,6,4,'0.99',171,'28.99','PG-13','Trailers,Commentaries,Deleted Scenes'),
(550,'MAGUIRE APACHE','A Fast-Paced Reflection of a Waitress And a Hunter who must Defeat a Forensic Psychologist in A Baloon',2008,6,6,'2.99',74,'22.99','NC-17','Trailers,Commentaries'),
(551,'MAIDEN HOME','A Lacklusture Saga of a Moose And a Teacher who must Kill a Forensic Psychologist in A MySQL Convention',2008,6,3,'4.99',138,'9.99','PG','Behind the Scenes'),
(552,'MAJESTIC FLOATS','A Thrilling Character Study of a Moose And a Student who must Escape a Butler in The First Manned Space Station',2008,6,5,'0.99',130,'15.99','PG','Trailers'),
(553,'MAKER GABLES','A Stunning Display of a Moose And a Database Administrator who must Pursue a Composer in A Jet Boat',2008,6,4,'0.99',136,'12.99','PG-13','Deleted Scenes,Behind the Scenes'),
(554,'MALKOVICH PET','A Intrepid Reflection of a Waitress And a A Shark who must Kill a Squirrel in The Outback',2008,6,6,'2.99',159,'22.99','G','Behind the Scenes'),
(555,'MALLRATS UNITED','A Thrilling Yarn of a Waitress And a Dentist who must Find a Hunter in A Monastery',2008,6,4,'0.99',133,'25.99','PG','Trailers,Commentaries,Deleted Scenes'),
(556,'MALTESE HOPE','A Fast-Paced Documentary of a Crocodile And a Sumo Wrestler who must Conquer a Explorer in California',2008,6,6,'4.99',127,'26.99','PG-13','Behind the Scenes'),
(557,'MANCHURIAN CURTAIN','A Stunning Tale of a Mad Cow And a Boy who must Battle a Boy in Berlin',2008,6,5,'2.99',177,'27.99','PG','Trailers,Commentaries'),
(558,'MANNEQUIN WORST','A Astounding Saga of a Mad Cow And a Pastry Chef who must Discover a Husband in Ancient India',2008,6,3,'2.99',71,'18.99','PG-13','Trailers,Commentaries,Deleted Scenes'),
(559,'MARRIED GO','A Fanciful Story of a Womanizer And a Dog who must Face a Forensic Psychologist in The Sahara Desert',2008,6,7,'2.99',114,'22.99','G','Behind the Scenes'),
(560,'MARS ROMAN','A Boring Drama of a Car And a Dog who must Succumb a Madman in Soviet Georgia',2008,6,6,'0.99',62,'21.99','NC-17','Commentaries,Deleted Scenes'),
(561,'MASK PEACH','A Boring Character Study of a Student And a Robot who must Meet a Woman in California',2008,6,6,'2.99',123,'26.99','NC-17','Commentaries,Deleted Scenes'),
(562,'MASKED BUBBLE','A Fanciful Documentary of a Pioneer And a Boat who must Pursue a Pioneer in An Abandoned Mine Shaft',2008,6,6,'0.99',151,'12.99','PG-13','Commentaries,Behind the Scenes'),
(563,'MASSACRE USUAL','A Fateful Reflection of a Waitress And a Crocodile who must Challenge a Forensic Psychologist in California',2008,6,6,'4.99',165,'16.99','R','Commentaries'),
(564,'MASSAGE IMAGE','A Fateful Drama of a Frisbee And a Crocodile who must Vanquish a Dog in The First Manned Space Station',2008,6,4,'2.99',161,'11.99','PG','Commentaries,Behind the Scenes'),
(565,'MATRIX SNOWMAN','A Action-Packed Saga of a Womanizer And a Woman who must Overcome a Student in California',2008,6,6,'4.99',56,'9.99','PG-13','Commentaries,Deleted Scenes,Behind the Scenes'),
(566,'MAUDE MOD','A Beautiful Documentary of a Forensic Psychologist And a Cat who must Reach a Astronaut in Nigeria',2008,6,6,'0.99',72,'20.99','R','Trailers,Behind the Scenes'),
(567,'MEET CHOCOLATE','A Boring Documentary of a Dentist And a Butler who must Confront a Monkey in A MySQL Convention',2008,6,3,'2.99',80,'26.99','G','Trailers'),
(568,'MEMENTO ZOOLANDER','A Touching Epistle of a Squirrel And a Explorer who must Redeem a Pastry Chef in The Sahara Desert',2008,6,4,'4.99',77,'11.99','NC-17','Behind the Scenes'),
(569,'MENAGERIE RUSHMORE','A Unbelieveable Panorama of a Composer And a Butler who must Overcome a Database Administrator in The First Manned Space Station',2008,6,7,'2.99',147,'18.99','G','Trailers,Commentaries,Deleted Scenes'),
(570,'MERMAID INSECTS','A Lacklusture Drama of a Waitress And a Husband who must Fight a Husband in California',2008,6,5,'4.99',104,'20.99','NC-17','Trailers,Behind the Scenes'),
(571,'METAL ARMAGEDDON','A Thrilling Display of a Lumberjack And a Crocodile who must Meet a Monkey in A Baloon Factory',2008,6,6,'2.99',161,'26.99','PG-13','Trailers,Commentaries,Deleted Scenes'),
(572,'METROPOLIS COMA','A Emotional Saga of a Database Administrator And a Pastry Chef who must Confront a Teacher in A Baloon Factory',2008,6,4,'2.99',64,'9.99','PG-13','Trailers,Commentaries,Behind the Scenes'),
(573,'MICROCOSMOS PARADISE','A Touching Character Study of a Boat And a Student who must Sink a A Shark in Nigeria',2008,6,6,'2.99',105,'22.99','PG-13','Commentaries'),
(574,'MIDNIGHT WESTWARD','A Taut Reflection of a Husband And a A Shark who must Redeem a Pastry Chef in A Monastery',2008,6,3,'0.99',86,'19.99','G','Trailers,Deleted Scenes'),
(575,'MIDSUMMER GROUNDHOG','A Fateful Panorama of a Moose And a Dog who must Chase a Crocodile in Ancient Japan',2008,6,3,'4.99',48,'27.99','G','Trailers,Deleted Scenes'),
(576,'MIGHTY LUCK','A Astounding Epistle of a Mad Scientist And a Pioneer who must Escape a Database Administrator in A MySQL Convention',2008,6,7,'2.99',122,'13.99','PG','Behind the Scenes'),
(577,'MILE MULAN','A Lacklusture Epistle of a Cat And a Husband who must Confront a Boy in A MySQL Convention',2008,6,4,'0.99',64,'10.99','PG','Deleted Scenes,Behind the Scenes'),
(578,'MILLION ACE','A Brilliant Documentary of a Womanizer And a Squirrel who must Find a Technical Writer in The Sahara Desert',2008,6,4,'4.99',142,'16.99','PG-13','Deleted Scenes'),
(579,'MINDS TRUMAN','A Taut Yarn of a Mad Scientist And a Crocodile who must Outgun a Database Administrator in A Monastery',2008,6,3,'4.99',149,'22.99','PG-13','Deleted Scenes,Behind the Scenes'),
(580,'MINE TITANS','A Amazing Yarn of a Robot And a Womanizer who must Discover a Forensic Psychologist in Berlin',2008,6,3,'4.99',166,'12.99','PG-13','Trailers,Deleted Scenes'),
(581,'MINORITY KISS','A Insightful Display of a Lumberjack And a Sumo Wrestler who must Meet a Man in The Outback',2008,6,4,'0.99',59,'16.99','G','Trailers'),
(582,'MIRACLE VIRTUAL','A Touching Epistle of a Butler And a Boy who must Find a Mad Scientist in The Sahara Desert',2008,6,3,'2.99',162,'19.99','PG-13','Trailers,Deleted Scenes'),
(583,'MISSION ZOOLANDER','A Intrepid Story of a Sumo Wrestler And a Teacher who must Meet a A Shark in An Abandoned Fun House',2008,6,3,'4.99',164,'26.99','PG-13','Behind the Scenes'),
(584,'MIXED DOORS','A Taut Drama of a Womanizer And a Lumberjack who must Succumb a Pioneer in Ancient India',2008,6,6,'2.99',180,'26.99','PG-13','Behind the Scenes'),
(585,'MOB DUFFEL','A Unbelieveable Documentary of a Frisbee And a Boat who must Meet a Boy in The Canadian Rockies',2008,6,4,'0.99',105,'25.99','G','Trailers'),
(586,'MOCKINGBIRD HOLLYWOOD','A Thoughtful Panorama of a Man And a Car who must Sink a Composer in Berlin',2008,6,4,'0.99',60,'27.99','PG','Behind the Scenes'),
(587,'MOD SECRETARY','A Boring Documentary of a Mad Cow And a Cat who must Build a Lumberjack in New Orleans',2008,6,6,'4.99',77,'20.99','NC-17','Commentaries,Behind the Scenes'),
(588,'MODEL FISH','A Beautiful Panorama of a Boat And a Crocodile who must Outrace a Dog in Australia',2008,6,4,'4.99',175,'11.99','NC-17','Trailers,Commentaries,Behind the Scenes'),
(589,'MODERN DORADO','A Awe-Inspiring Story of a Butler And a Sumo Wrestler who must Redeem a Boy in New Orleans',2008,6,3,'0.99',74,'20.99','PG','Trailers,Commentaries,Deleted Scenes'),
(590,'MONEY HAROLD','A Touching Tale of a Explorer And a Boat who must Defeat a Robot in Australia',2008,6,3,'2.99',135,'17.99','PG','Trailers,Commentaries'),
(591,'MONSOON CAUSE','A Astounding Tale of a Crocodile And a Car who must Outrace a Squirrel in A U-Boat',2008,6,6,'4.99',182,'20.99','PG','Commentaries,Behind the Scenes'),
(592,'MONSTER SPARTACUS','A Fast-Paced Story of a Waitress And a Cat who must Fight a Girl in Australia',2008,6,6,'2.99',107,'28.99','PG','Commentaries,Behind the Scenes'),
(593,'MONTEREY LABYRINTH','A Awe-Inspiring Drama of a Monkey And a Composer who must Escape a Feminist in A U-Boat',2008,6,6,'0.99',158,'13.99','G','Trailers,Commentaries'),
(594,'MONTEZUMA COMMAND','A Thrilling Reflection of a Waitress And a Butler who must Battle a Butler in A Jet Boat',2008,6,6,'0.99',126,'22.99','NC-17','Trailers'),
(595,'MOON BUNCH','A Beautiful Tale of a Astronaut And a Mad Cow who must Challenge a Cat in A Baloon Factory',2008,6,7,'0.99',83,'20.99','PG','Deleted Scenes,Behind the Scenes'),
(596,'MOONSHINE CABIN','A Thoughtful Display of a Astronaut And a Feminist who must Chase a Frisbee in A Jet Boat',2008,6,4,'4.99',171,'25.99','PG-13','Behind the Scenes'),
(597,'MOONWALKER FOOL','A Epic Drama of a Feminist And a Pioneer who must Sink a Composer in New Orleans',2008,6,5,'4.99',184,'12.99','G','Trailers,Deleted Scenes'),
(598,'MOSQUITO ARMAGEDDON','A Thoughtful Character Study of a Waitress And a Feminist who must Build a Teacher in Ancient Japan',2008,6,6,'0.99',57,'22.99','G','Trailers'),
(599,'MOTHER OLEANDER','A Boring Tale of a Husband And a Boy who must Fight a Squirrel in Ancient China',2008,6,3,'0.99',103,'20.99','R','Trailers,Commentaries'),
(600,'MOTIONS DETAILS','A Awe-Inspiring Reflection of a Dog And a Student who must Kill a Car in An Abandoned Fun House',2008,6,5,'0.99',166,'16.99','PG','Trailers,Commentaries,Behind the Scenes'),
(601,'MOULIN WAKE','A Astounding Story of a Forensic Psychologist And a Cat who must Battle a Teacher in An Abandoned Mine Shaft',2008,6,4,'0.99',79,'20.99','PG-13','Trailers'),
(602,'MOURNING PURPLE','A Lacklusture Display of a Waitress And a Lumberjack who must Chase a Pioneer in New Orleans',2008,6,5,'0.99',146,'14.99','PG','Trailers,Commentaries,Deleted Scenes,Behind the Scenes'),
(603,'MOVIE SHAKESPEARE','A Insightful Display of a Database Administrator And a Student who must Build a Hunter in Berlin',2008,6,6,'4.99',53,'27.99','PG','Commentaries,Deleted Scenes,Behind the Scenes'),
(604,'MULAN MOON','A Emotional Saga of a Womanizer And a Pioneer who must Overcome a Dentist in A Baloon',2008,6,4,'0.99',160,'10.99','G','Behind the Scenes'),
(605,'MULHOLLAND BEAST','A Awe-Inspiring Display of a Husband And a Squirrel who must Battle a Sumo Wrestler in A Jet Boat',2008,6,7,'2.99',157,'13.99','PG','Trailers,Deleted Scenes,Behind the Scenes'),
(606,'MUMMY CREATURES','A Fateful Character Study of a Crocodile And a Monkey who must Meet a Dentist in Australia',2008,6,3,'0.99',160,'15.99','NC-17','Trailers,Behind the Scenes'),
(607,'MUPPET MILE','A Lacklusture Story of a Madman And a Teacher who must Kill a Frisbee in The Gulf of Mexico',2008,6,5,'4.99',50,'18.99','PG','Trailers,Deleted Scenes'),
(608,'MURDER ANTITRUST','A Brilliant Yarn of a Car And a Database Administrator who must Escape a Boy in A MySQL Convention',2008,6,6,'2.99',166,'11.99','PG','Trailers,Deleted Scenes,Behind the Scenes'),
(609,'MUSCLE BRIGHT','A Stunning Panorama of a Sumo Wrestler And a Husband who must Redeem a Madman in Ancient India',2008,6,7,'2.99',185,'23.99','G','Deleted Scenes'),
(610,'MUSIC BOONDOCK','A Thrilling Tale of a Butler And a Astronaut who must Battle a Explorer in The First Manned Space Station',2008,6,7,'0.99',129,'17.99','R','Trailers,Commentaries,Behind the Scenes'),
(611,'MUSKETEERS WAIT','A Touching Yarn of a Student And a Moose who must Fight a Mad Cow in Australia',2008,6,7,'4.99',73,'17.99','PG','Deleted Scenes,Behind the Scenes'),
(612,'MUSSOLINI SPOILERS','A Thrilling Display of a Boat And a Monkey who must Meet a Composer in Ancient China',2008,6,6,'2.99',180,'10.99','G','Deleted Scenes,Behind the Scenes'),
(613,'MYSTIC TRUMAN','A Epic Yarn of a Teacher And a Hunter who must Outgun a Explorer in Soviet Georgia',2008,6,5,'0.99',92,'19.99','NC-17','Commentaries,Behind the Scenes'),
(614,'NAME DETECTIVE','A Touching Saga of a Sumo Wrestler And a Cat who must Pursue a Mad Scientist in Nigeria',2008,6,5,'4.99',178,'11.99','PG-13','Trailers,Commentaries,Behind the Scenes'),
(615,'NASH CHOCOLAT','A Epic Reflection of a Monkey And a Mad Cow who must Kill a Forensic Psychologist in An Abandoned Mine Shaft',2008,6,6,'2.99',180,'21.99','PG-13','Commentaries,Behind the Scenes'),
(616,'NATIONAL STORY','A Taut Epistle of a Mad Scientist And a Girl who must Escape a Monkey in California',2008,6,4,'2.99',92,'19.99','NC-17','Trailers'),
(617,'NATURAL STOCK','A Fast-Paced Story of a Sumo Wrestler And a Girl who must Defeat a Car in A Baloon Factory',2008,6,4,'0.99',50,'24.99','PG-13','Commentaries,Deleted Scenes'),
(618,'NECKLACE OUTBREAK','A Astounding Epistle of a Database Administrator And a Mad Scientist who must Pursue a Cat in California',2008,6,3,'0.99',132,'21.99','PG','Trailers,Commentaries,Behind the Scenes'),
(619,'NEIGHBORS CHARADE','A Fanciful Reflection of a Crocodile And a Astronaut who must Outrace a Feminist in An Abandoned Amusement Park',2008,6,3,'0.99',161,'20.99','R','Trailers,Commentaries,Deleted Scenes'),
(620,'NEMO CAMPUS','A Lacklusture Reflection of a Monkey And a Squirrel who must Outrace a Womanizer in A Manhattan Penthouse',2008,6,5,'2.99',131,'23.99','NC-17','Trailers'),
(621,'NETWORK PEAK','A Unbelieveable Reflection of a Butler And a Boat who must Outgun a Mad Scientist in California',2008,6,5,'2.99',75,'23.99','PG-13','Commentaries,Deleted Scenes,Behind the Scenes'),
(622,'NEWSIES STORY','A Action-Packed Character Study of a Dog And a Lumberjack who must Outrace a Moose in The Gulf of Mexico',2008,6,4,'0.99',159,'25.99','G','Trailers,Deleted Scenes'),
(623,'NEWTON LABYRINTH','A Intrepid Character Study of a Moose And a Waitress who must Find a A Shark in Ancient India',2008,6,4,'0.99',75,'9.99','PG','Trailers,Commentaries,Deleted Scenes,Behind the Scenes'),
(624,'NIGHTMARE CHILL','A Brilliant Display of a Robot And a Butler who must Fight a Waitress in An Abandoned Mine Shaft',2008,6,3,'4.99',149,'25.99','PG','Trailers,Deleted Scenes,Behind the Scenes'),
(625,'NONE SPIKING','A Boring Reflection of a Secret Agent And a Astronaut who must Face a Composer in A Manhattan Penthouse',2008,6,3,'0.99',83,'18.99','NC-17','Trailers,Commentaries'),
(626,'NOON PAPI','A Unbelieveable Character Study of a Mad Scientist And a Astronaut who must Find a Pioneer in A Manhattan Penthouse',2008,6,5,'2.99',57,'12.99','G','Behind the Scenes'),
(627,'NORTH TEQUILA','A Beautiful Character Study of a Mad Cow And a Robot who must Reach a Womanizer in New Orleans',2008,6,4,'4.99',67,'9.99','NC-17','Commentaries,Deleted Scenes,Behind the Scenes'),
(628,'NORTHWEST POLISH','A Boring Character Study of a Boy And a A Shark who must Outrace a Womanizer in The Outback',2008,6,5,'2.99',172,'24.99','PG','Trailers'),
(629,'NOTORIOUS REUNION','A Amazing Epistle of a Woman And a Squirrel who must Fight a Hunter in A Baloon',2009,6,7,'0.99',128,'9.99','NC-17','Trailers,Commentaries,Deleted Scenes'),
(630,'NOTTING SPEAKEASY','A Thoughtful Display of a Butler And a Womanizer who must Find a Waitress in The Canadian Rockies',2009,6,7,'0.99',48,'19.99','PG-13','Trailers,Commentaries'),
(631,'NOVOCAINE FLIGHT','A Fanciful Display of a Student And a Teacher who must Outgun a Crocodile in Nigeria',2009,6,4,'0.99',64,'11.99','G','Trailers,Commentaries,Deleted Scenes'),
(632,'NUTS TIES','A Thoughtful Drama of a Explorer And a Womanizer who must Meet a Teacher in California',2009,6,5,'4.99',145,'10.99','NC-17','Trailers,Behind the Scenes'),
(633,'OCTOBER SUBMARINE','A Taut Epistle of a Monkey And a Boy who must Confront a Husband in A Jet Boat',2009,6,6,'4.99',54,'10.99','PG-13','Trailers,Commentaries,Behind the Scenes'),
(634,'ODDS BOOGIE','A Thrilling Yarn of a Feminist And a Madman who must Battle a Hunter in Berlin',2009,6,6,'0.99',48,'14.99','NC-17','Trailers,Commentaries,Behind the Scenes'),
(635,'OKLAHOMA JUMANJI','A Thoughtful Drama of a Dentist And a Womanizer who must Meet a Husband in The Sahara Desert',2009,6,7,'0.99',58,'15.99','PG','Behind the Scenes'),
(636,'OLEANDER CLUE','A Boring Story of a Teacher And a Monkey who must Succumb a Forensic Psychologist in A Jet Boat',2009,6,5,'0.99',161,'12.99','PG','Commentaries,Deleted Scenes'),
(637,'OPEN AFRICAN','A Lacklusture Drama of a Secret Agent And a Explorer who must Discover a Car in A U-Boat',2009,6,7,'4.99',131,'16.99','PG','Trailers,Commentaries'),
(638,'OPERATION OPERATION','A Intrepid Character Study of a Man And a Frisbee who must Overcome a Madman in Ancient China',2009,6,7,'2.99',156,'23.99','G','Trailers,Commentaries,Deleted Scenes,Behind the Scenes'),
(639,'OPPOSITE NECKLACE','A Fateful Epistle of a Crocodile And a Moose who must Kill a Explorer in Nigeria',2009,6,7,'4.99',92,'9.99','PG','Deleted Scenes'),
(640,'OPUS ICE','A Fast-Paced Drama of a Hunter And a Boy who must Discover a Feminist in The Sahara Desert',2009,6,5,'4.99',102,'21.99','R','Commentaries,Deleted Scenes'),
(641,'ORANGE GRAPES','A Astounding Documentary of a Butler And a Womanizer who must Face a Dog in A U-Boat',2009,6,4,'0.99',76,'21.99','PG-13','Trailers,Commentaries'),
(642,'ORDER BETRAYED','A Amazing Saga of a Dog And a A Shark who must Challenge a Cat in The Sahara Desert',2009,6,7,'2.99',120,'13.99','PG-13','Deleted Scenes,Behind the Scenes'),
(643,'ORIENT CLOSER','A Astounding Epistle of a Technical Writer And a Teacher who must Fight a Squirrel in The Sahara Desert',2009,6,3,'2.99',118,'22.99','R','Commentaries,Deleted Scenes'),
(644,'OSCAR GOLD','A Insightful Tale of a Database Administrator And a Dog who must Face a Madman in Soviet Georgia',2009,6,7,'2.99',115,'29.99','PG','Behind the Scenes'),
(645,'OTHERS SOUP','A Lacklusture Documentary of a Mad Cow And a Madman who must Sink a Moose in The Gulf of Mexico',2009,6,7,'2.99',118,'18.99','PG','Deleted Scenes'),
(646,'OUTBREAK DIVINE','A Unbelieveable Yarn of a Database Administrator And a Woman who must Succumb a A Shark in A U-Boat',2009,6,6,'0.99',169,'12.99','NC-17','Trailers,Deleted Scenes,Behind the Scenes'),
(647,'OUTFIELD MASSACRE','A Thoughtful Drama of a Husband And a Secret Agent who must Pursue a Database Administrator in Ancient India',2009,6,4,'0.99',129,'18.99','NC-17','Trailers,Deleted Scenes'),
(648,'OUTLAW HANKY','A Thoughtful Story of a Astronaut And a Composer who must Conquer a Dog in The Sahara Desert',2009,6,7,'4.99',148,'17.99','PG-13','Trailers,Commentaries'),
(649,'OZ LIAISONS','A Epic Yarn of a Mad Scientist And a Cat who must Confront a Womanizer in A Baloon Factory',2009,6,4,'2.99',85,'14.99','R','Commentaries,Deleted Scenes,Behind the Scenes'),
(650,'PACIFIC AMISTAD','A Thrilling Yarn of a Dog And a Moose who must Kill a Pastry Chef in A Manhattan Penthouse',2009,6,3,'0.99',144,'27.99','G','Trailers,Commentaries,Deleted Scenes,Behind the Scenes'),
(651,'PACKER MADIGAN','A Epic Display of a Sumo Wrestler And a Forensic Psychologist who must Build a Woman in An Abandoned Amusement Park',2009,6,3,'0.99',84,'20.99','PG-13','Trailers'),
(652,'PAJAMA JAWBREAKER','A Emotional Drama of a Boy And a Technical Writer who must Redeem a Sumo Wrestler in California',2009,6,3,'0.99',126,'14.99','R','Trailers,Deleted Scenes'),
(653,'PANIC CLUB','A Fanciful Display of a Teacher And a Crocodile who must Succumb a Girl in A Baloon',2009,6,3,'4.99',102,'15.99','G','Commentaries,Deleted Scenes'),
(654,'PANKY SUBMARINE','A Touching Documentary of a Dentist And a Sumo Wrestler who must Overcome a Boy in The Gulf of Mexico',2009,6,4,'4.99',93,'19.99','G','Trailers,Commentaries,Deleted Scenes,Behind the Scenes'),
(655,'PANTHER REDS','A Brilliant Panorama of a Moose And a Man who must Reach a Teacher in The Gulf of Mexico',2009,6,5,'4.99',109,'22.99','NC-17','Deleted Scenes,Behind the Scenes'),
(656,'PAPI NECKLACE','A Fanciful Display of a Car And a Monkey who must Escape a Squirrel in Ancient Japan',2009,6,3,'0.99',128,'9.99','PG','Trailers,Deleted Scenes,Behind the Scenes'),
(657,'PARADISE SABRINA','A Intrepid Yarn of a Car And a Moose who must Outrace a Crocodile in A Manhattan Penthouse',2009,6,5,'2.99',48,'12.99','PG-13','Commentaries,Deleted Scenes,Behind the Scenes'),
(658,'PARIS WEEKEND','A Intrepid Story of a Squirrel And a Crocodile who must Defeat a Monkey in The Outback',2009,4,7,'2.99',121,'19.99','PG-13','Trailers,Commentaries,Deleted Scenes,Behind the Scenes'),
(659,'PARK CITIZEN','A Taut Epistle of a Sumo Wrestler And a Girl who must Face a Husband in Ancient Japan',2009,4,3,'4.99',109,'14.99','PG-13','Trailers,Deleted Scenes'),
(660,'PARTY KNOCK','A Fateful Display of a Technical Writer And a Butler who must Battle a Sumo Wrestler in An Abandoned Mine Shaft',2009,4,7,'2.99',107,'11.99','PG','Trailers,Behind the Scenes'),
(661,'PAST SUICIDES','A Intrepid Tale of a Madman And a Astronaut who must Challenge a Hunter in A Monastery',2009,4,5,'4.99',157,'17.99','PG-13','Trailers,Deleted Scenes,Behind the Scenes'),
(662,'PATHS CONTROL','A Astounding Documentary of a Butler And a Cat who must Find a Frisbee in Ancient China',2009,4,3,'4.99',118,'9.99','PG','Trailers,Behind the Scenes'),
(663,'PATIENT SISTER','A Emotional Epistle of a Squirrel And a Robot who must Confront a Lumberjack in Soviet Georgia',2009,4,7,'0.99',99,'29.99','NC-17','Trailers,Commentaries'),
(664,'PATRIOT ROMAN','A Taut Saga of a Robot And a Database Administrator who must Challenge a Astronaut in California',2009,4,6,'2.99',65,'12.99','PG','Trailers,Deleted Scenes'),
(665,'PATTON INTERVIEW','A Thrilling Documentary of a Composer And a Secret Agent who must Succumb a Cat in Berlin',2009,4,4,'2.99',175,'22.99','PG','Commentaries'),
(666,'PAYCHECK WAIT','A Awe-Inspiring Reflection of a Boy And a Man who must Discover a Moose in The Sahara Desert',2009,4,4,'4.99',145,'27.99','PG-13','Commentaries,Deleted Scenes'),
(667,'PEACH INNOCENT','A Action-Packed Drama of a Monkey And a Dentist who must Chase a Butler in Berlin',2009,4,3,'2.99',160,'20.99','PG-13','Commentaries,Behind the Scenes'),
(668,'PEAK FOREVER','A Insightful Reflection of a Boat And a Secret Agent who must Vanquish a Astronaut in An Abandoned Mine Shaft',2009,4,7,'4.99',80,'25.99','PG','Trailers,Commentaries,Deleted Scenes,Behind the Scenes'),
(669,'PEARL DESTINY','A Lacklusture Yarn of a Astronaut And a Pastry Chef who must Sink a Dog in A U-Boat',2009,4,3,'2.99',74,'10.99','NC-17','Trailers'),
(670,'PELICAN COMFORTS','A Epic Documentary of a Boy And a Monkey who must Pursue a Astronaut in Berlin',2009,4,4,'4.99',48,'17.99','PG','Commentaries,Deleted Scenes'),
(671,'PERDITION FARGO','A Fast-Paced Story of a Car And a Cat who must Outgun a Hunter in Berlin',2009,4,7,'4.99',99,'27.99','NC-17','Trailers,Behind the Scenes'),
(672,'PERFECT GROOVE','A Thrilling Yarn of a Dog And a Dog who must Build a Husband in A Baloon',2009,4,7,'2.99',82,'17.99','PG-13','Commentaries,Deleted Scenes,Behind the Scenes'),
(673,'PERSONAL LADYBUGS','A Epic Saga of a Hunter And a Technical Writer who must Conquer a Cat in Ancient Japan',2009,4,3,'0.99',118,'19.99','PG-13','Deleted Scenes,Behind the Scenes'),
(674,'PET HAUNTING','A Unbelieveable Reflection of a Explorer And a Boat who must Conquer a Woman in California',2009,4,3,'0.99',99,'11.99','PG','Trailers,Commentaries'),
(675,'PHANTOM GLORY','A Beautiful Documentary of a Astronaut And a Crocodile who must Discover a Madman in A Monastery',2009,4,6,'2.99',60,'17.99','NC-17','Commentaries,Behind the Scenes'),
(676,'PHILADELPHIA WIFE','A Taut Yarn of a Hunter And a Astronaut who must Conquer a Database Administrator in The Sahara Desert',2009,4,7,'4.99',137,'16.99','PG-13','Trailers,Commentaries,Deleted Scenes'),
(677,'PIANIST OUTFIELD','A Intrepid Story of a Boy And a Technical Writer who must Pursue a Lumberjack in A Monastery',2009,4,6,'0.99',136,'25.99','NC-17','Trailers,Commentaries,Deleted Scenes'),
(678,'PICKUP DRIVING','A Touching Documentary of a Husband And a Boat who must Meet a Pastry Chef in A Baloon Factory',2009,4,3,'2.99',77,'23.99','G','Trailers,Commentaries,Deleted Scenes,Behind the Scenes'),
(679,'PILOT HOOSIERS','A Awe-Inspiring Reflection of a Crocodile And a Sumo Wrestler who must Meet a Forensic Psychologist in An Abandoned Mine Shaft',2009,4,6,'2.99',50,'17.99','PG','Trailers,Deleted Scenes'),
(680,'PINOCCHIO SIMON','A Action-Packed Reflection of a Mad Scientist And a A Shark who must Find a Feminist in California',2009,4,4,'4.99',103,'21.99','PG','Commentaries,Behind the Scenes'),
(681,'PIRATES ROXANNE','A Stunning Drama of a Woman And a Lumberjack who must Overcome a A Shark in The Canadian Rockies',2009,4,4,'0.99',100,'20.99','PG','Commentaries,Deleted Scenes'),
(682,'PITTSBURGH HUNCHBACK','A Thrilling Epistle of a Boy And a Boat who must Find a Student in Soviet Georgia',2009,4,4,'4.99',134,'17.99','PG-13','Trailers,Deleted Scenes,Behind the Scenes'),
(683,'PITY BOUND','A Boring Panorama of a Feminist And a Moose who must Defeat a Database Administrator in Nigeria',2009,4,5,'4.99',60,'19.99','NC-17','Commentaries'),
(684,'PIZZA JUMANJI','A Epic Saga of a Cat And a Squirrel who must Outgun a Robot in A U-Boat',2009,4,4,'2.99',173,'11.99','NC-17','Commentaries'),
(685,'PLATOON INSTINCT','A Thrilling Panorama of a Man And a Woman who must Reach a Woman in Australia',2009,4,6,'4.99',132,'10.99','PG-13','Trailers,Commentaries'),
(686,'PLUTO OLEANDER','A Action-Packed Reflection of a Car And a Moose who must Outgun a Car in A Shark Tank',2009,4,5,'4.99',84,'9.99','R','Behind the Scenes'),
(687,'POCUS PULP','A Intrepid Yarn of a Frisbee And a Dog who must Build a Astronaut in A Baloon Factory',2009,4,6,'0.99',138,'15.99','NC-17','Commentaries,Deleted Scenes,Behind the Scenes'),
(688,'POLISH BROOKLYN','A Boring Character Study of a Database Administrator And a Lumberjack who must Reach a Madman in The Outback',2009,4,6,'0.99',61,'12.99','PG','Trailers,Commentaries,Deleted Scenes,Behind the Scenes'),
(689,'POLLOCK DELIVERANCE','A Intrepid Story of a Madman And a Frisbee who must Outgun a Boat in The Sahara Desert',2009,4,5,'2.99',137,'14.99','PG','Commentaries'),
(690,'POND SEATTLE','A Stunning Drama of a Teacher And a Boat who must Battle a Feminist in Ancient China',2009,4,7,'2.99',185,'25.99','PG-13','Trailers,Commentaries,Behind the Scenes'),
(691,'POSEIDON FOREVER','A Thoughtful Epistle of a Womanizer And a Monkey who must Vanquish a Dentist in A Monastery',2009,4,6,'4.99',159,'29.99','PG-13','Commentaries'),
(692,'POTLUCK MIXED','A Beautiful Story of a Dog And a Technical Writer who must Outgun a Student in A Baloon',2009,4,3,'2.99',179,'10.99','G','Behind the Scenes'),
(693,'POTTER CONNECTICUT','A Thrilling Epistle of a Frisbee And a Cat who must Fight a Technical Writer in Berlin',2009,4,5,'2.99',115,'16.99','PG','Trailers,Commentaries'),
(694,'PREJUDICE OLEANDER','A Epic Saga of a Boy And a Dentist who must Outrace a Madman in A U-Boat',2009,4,6,'4.99',98,'15.99','PG-13','Trailers,Commentaries,Deleted Scenes'),
(695,'PRESIDENT BANG','A Fateful Panorama of a Technical Writer And a Moose who must Battle a Robot in Soviet Georgia',2009,4,6,'4.99',144,'12.99','PG','Behind the Scenes'),
(696,'PRIDE ALAMO','A Thoughtful Drama of a A Shark And a Forensic Psychologist who must Vanquish a Student in Ancient India',2009,4,6,'0.99',114,'20.99','NC-17','Deleted Scenes'),
(697,'PRIMARY GLASS','A Fateful Documentary of a Pastry Chef And a Butler who must Build a Dog in The Canadian Rockies',2009,4,7,'0.99',53,'16.99','G','Trailers,Deleted Scenes,Behind the Scenes'),
(698,'PRINCESS GIANT','A Thrilling Yarn of a Pastry Chef And a Monkey who must Battle a Monkey in A Shark Tank',2009,4,3,'2.99',71,'29.99','NC-17','Trailers,Deleted Scenes'),
(699,'PRIVATE DROP','A Stunning Story of a Technical Writer And a Hunter who must Succumb a Secret Agent in A Baloon',2009,4,7,'4.99',106,'26.99','PG','Trailers'),
(700,'PRIX UNDEFEATED','A Stunning Saga of a Mad Scientist And a Boat who must Overcome a Dentist in Ancient China',2009,4,4,'2.99',115,'13.99','R','Trailers,Deleted Scenes'),
(701,'PSYCHO SHRUNK','A Amazing Panorama of a Crocodile And a Explorer who must Fight a Husband in Nigeria',2009,4,5,'2.99',155,'11.99','PG-13','Behind the Scenes'),
(702,'PULP BEVERLY','A Unbelieveable Display of a Dog And a Crocodile who must Outrace a Man in Nigeria',2009,4,4,'2.99',89,'12.99','G','Trailers,Behind the Scenes'),
(703,'PUNK DIVORCE','A Fast-Paced Tale of a Pastry Chef And a Boat who must Face a Frisbee in The Canadian Rockies',2009,4,6,'4.99',100,'18.99','PG','Trailers,Commentaries,Deleted Scenes'),
(704,'PURE RUNNER','A Thoughtful Documentary of a Student And a Madman who must Challenge a Squirrel in A Manhattan Penthouse',2009,4,3,'2.99',121,'25.99','NC-17','Trailers,Deleted Scenes'),
(705,'PURPLE MOVIE','A Boring Display of a Pastry Chef And a Sumo Wrestler who must Discover a Frisbee in An Abandoned Amusement Park',2009,4,4,'2.99',88,'9.99','R','Commentaries,Deleted Scenes'),
(706,'QUEEN LUKE','A Astounding Story of a Girl And a Boy who must Challenge a Composer in New Orleans',2009,4,5,'4.99',163,'22.99','PG','Commentaries,Deleted Scenes,Behind the Scenes'),
(707,'QUEST MUSSOLINI','A Fateful Drama of a Husband And a Sumo Wrestler who must Battle a Pastry Chef in A Baloon Factory',2009,4,5,'2.99',177,'29.99','R','Behind the Scenes'),
(708,'QUILLS BULL','A Thoughtful Story of a Pioneer And a Woman who must Reach a Moose in Australia',2009,4,4,'4.99',112,'19.99','R','Trailers,Behind the Scenes'),
(709,'RACER EGG','A Emotional Display of a Monkey And a Waitress who must Reach a Secret Agent in California',2009,2,7,'2.99',147,'19.99','NC-17','Trailers,Commentaries,Deleted Scenes'),
(710,'RAGE GAMES','A Fast-Paced Saga of a Astronaut And a Secret Agent who must Escape a Hunter in An Abandoned Amusement Park',2009,2,4,'4.99',120,'18.99','R','Trailers,Behind the Scenes'),
(711,'RAGING AIRPLANE','A Astounding Display of a Secret Agent And a Technical Writer who must Escape a Mad Scientist in A Jet Boat',2009,2,4,'4.99',154,'18.99','R','Commentaries,Deleted Scenes'),
(712,'RAIDERS ANTITRUST','A Amazing Drama of a Teacher And a Feminist who must Meet a Woman in The First Manned Space Station',2009,2,4,'0.99',82,'11.99','PG-13','Deleted Scenes'),
(713,'RAINBOW SHOCK','A Action-Packed Story of a Hunter And a Boy who must Discover a Lumberjack in Ancient India',2009,2,3,'4.99',74,'14.99','PG','Trailers,Commentaries,Deleted Scenes,Behind the Scenes'),
(714,'RANDOM GO','A Fateful Drama of a Frisbee And a Student who must Confront a Cat in A Shark Tank',2009,2,6,'2.99',73,'29.99','NC-17','Trailers'),
(715,'RANGE MOONWALKER','A Insightful Documentary of a Hunter And a Dentist who must Confront a Crocodile in A Baloon',2009,2,3,'4.99',147,'25.99','PG','Trailers,Commentaries,Deleted Scenes'),
(716,'REAP UNFAITHFUL','A Thrilling Epistle of a Composer And a Sumo Wrestler who must Challenge a Mad Cow in A MySQL Convention',2009,2,6,'2.99',136,'26.99','PG-13','Trailers,Commentaries'),
(717,'REAR TRADING','A Awe-Inspiring Reflection of a Forensic Psychologist And a Secret Agent who must Succumb a Pastry Chef in Soviet Georgia',2009,2,6,'0.99',97,'23.99','NC-17','Trailers,Commentaries,Deleted Scenes'),
(718,'REBEL AIRPORT','A Intrepid Yarn of a Database Administrator And a Boat who must Outrace a Husband in Ancient India',2009,2,7,'0.99',73,'24.99','G','Trailers,Behind the Scenes'),
(719,'RECORDS ZORRO','A Amazing Drama of a Mad Scientist And a Composer who must Build a Husband in The Outback',2009,2,7,'4.99',182,'11.99','PG','Behind the Scenes'),
(720,'REDEMPTION COMFORTS','A Emotional Documentary of a Dentist And a Woman who must Battle a Mad Scientist in Ancient China',2009,2,3,'2.99',179,'20.99','NC-17','Trailers,Deleted Scenes,Behind the Scenes'),
(721,'REDS POCUS','A Lacklusture Yarn of a Sumo Wrestler And a Squirrel who must Redeem a Monkey in Soviet Georgia',2009,2,7,'4.99',182,'23.99','PG-13','Trailers,Behind the Scenes'),
(722,'REEF SALUTE','A Action-Packed Saga of a Teacher And a Lumberjack who must Battle a Dentist in A Baloon',2009,2,5,'0.99',123,'26.99','NC-17','Behind the Scenes'),
(723,'REIGN GENTLEMEN','A Emotional Yarn of a Composer And a Man who must Escape a Butler in The Gulf of Mexico',2009,2,3,'2.99',82,'29.99','PG-13','Deleted Scenes,Behind the Scenes'),
(724,'REMEMBER DIARY','A Insightful Tale of a Technical Writer And a Waitress who must Conquer a Monkey in Ancient India',2009,2,5,'2.99',110,'15.99','R','Trailers,Commentaries'),
(725,'REQUIEM TYCOON','A Unbelieveable Character Study of a Cat And a Database Administrator who must Pursue a Teacher in A Monastery',2009,2,6,'4.99',167,'25.99','R','Trailers,Commentaries,Behind the Scenes'),
(726,'RESERVOIR ADAPTATION','A Intrepid Drama of a Teacher And a Moose who must Kill a Car in California',2009,2,7,'2.99',61,'29.99','PG-13','Commentaries'),
(727,'RESURRECTION SILVERADO','A Epic Yarn of a Robot And a Explorer who must Challenge a Girl in A MySQL Convention',2009,2,6,'0.99',117,'12.99','PG','Trailers,Deleted Scenes'),
(728,'REUNION WITCHES','A Unbelieveable Documentary of a Database Administrator And a Frisbee who must Redeem a Mad Scientist in A Baloon Factory',2009,2,3,'0.99',63,'26.99','R','Commentaries'),
(729,'RIDER CADDYSHACK','A Taut Reflection of a Monkey And a Womanizer who must Chase a Moose in Nigeria',2009,2,5,'2.99',177,'28.99','PG','Commentaries,Behind the Scenes'),
(730,'RIDGEMONT SUBMARINE','A Unbelieveable Drama of a Waitress And a Composer who must Sink a Mad Cow in Ancient Japan',2009,2,3,'0.99',46,'28.99','PG-13','Commentaries,Deleted Scenes,Behind the Scenes'),
(731,'RIGHT CRANES','A Fateful Character Study of a Boat And a Cat who must Find a Database Administrator in A Jet Boat',2009,2,7,'4.99',153,'29.99','PG-13','Trailers,Commentaries,Deleted Scenes'),
(732,'RINGS HEARTBREAKERS','A Amazing Yarn of a Sumo Wrestler And a Boat who must Conquer a Waitress in New Orleans',2009,2,5,'0.99',58,'17.99','G','Trailers,Commentaries,Behind the Scenes'),
(733,'RIVER OUTLAW','A Thrilling Character Study of a Squirrel And a Lumberjack who must Face a Hunter in A MySQL Convention',2009,2,4,'0.99',149,'29.99','PG-13','Commentaries'),
(734,'ROAD ROXANNE','A Boring Character Study of a Waitress And a Astronaut who must Fight a Crocodile in Ancient Japan',2009,2,4,'4.99',158,'12.99','R','Behind the Scenes'),
(735,'ROBBERS JOON','A Thoughtful Story of a Mad Scientist And a Waitress who must Confront a Forensic Psychologist in Soviet Georgia',2009,2,7,'2.99',102,'26.99','PG-13','Commentaries'),
(736,'ROBBERY BRIGHT','A Taut Reflection of a Robot And a Squirrel who must Fight a Boat in Ancient Japan',2009,2,4,'0.99',134,'21.99','R','Trailers'),
(737,'ROCK INSTINCT','A Astounding Character Study of a Robot And a Moose who must Overcome a Astronaut in Ancient India',2009,2,4,'0.99',102,'28.99','G','Trailers,Commentaries,Deleted Scenes,Behind the Scenes'),
(738,'ROCKETEER MOTHER','A Awe-Inspiring Character Study of a Robot And a Sumo Wrestler who must Discover a Womanizer in A Shark Tank',2009,2,3,'0.99',178,'27.99','PG-13','Deleted Scenes,Behind the Scenes'),
(739,'ROCKY WAR','A Fast-Paced Display of a Squirrel And a Explorer who must Outgun a Mad Scientist in Nigeria',2009,2,4,'4.99',145,'17.99','PG-13','Trailers,Commentaries,Behind the Scenes'),
(740,'ROLLERCOASTER BRINGING','A Beautiful Drama of a Robot And a Lumberjack who must Discover a Technical Writer in A Shark Tank',2009,2,5,'2.99',153,'13.99','PG-13','Trailers,Commentaries,Deleted Scenes'),
(741,'ROMAN PUNK','A Thoughtful Panorama of a Mad Cow And a Student who must Battle a Forensic Psychologist in Berlin',2009,2,7,'0.99',81,'28.99','NC-17','Trailers'),
(742,'ROOF CHAMPION','A Lacklusture Reflection of a Car And a Explorer who must Find a Monkey in A Baloon',2009,2,7,'0.99',101,'25.99','R','Deleted Scenes,Behind the Scenes'),
(743,'ROOM ROMAN','A Awe-Inspiring Panorama of a Composer And a Secret Agent who must Sink a Composer in A Shark Tank',2009,2,7,'0.99',60,'27.99','PG','Trailers,Deleted Scenes,Behind the Scenes'),
(744,'ROOTS REMEMBER','A Brilliant Drama of a Mad Cow And a Hunter who must Escape a Hunter in Berlin',2009,2,4,'0.99',89,'23.99','PG-13','Commentaries,Deleted Scenes,Behind the Scenes'),
(745,'ROSES TREASURE','A Astounding Panorama of a Monkey And a Secret Agent who must Defeat a Woman in The First Manned Space Station',2009,2,5,'4.99',162,'23.99','PG-13','Commentaries,Deleted Scenes,Behind the Scenes'),
(746,'ROUGE SQUAD','A Awe-Inspiring Drama of a Astronaut And a Frisbee who must Conquer a Mad Scientist in Australia',2009,2,3,'0.99',118,'10.99','NC-17','Commentaries,Deleted Scenes,Behind the Scenes'),
(747,'ROXANNE REBEL','A Astounding Story of a Pastry Chef And a Database Administrator who must Fight a Man in The Outback',2009,2,5,'0.99',171,'9.99','R','Deleted Scenes,Behind the Scenes'),
(748,'RUGRATS SHAKESPEARE','A Touching Saga of a Crocodile And a Crocodile who must Discover a Technical Writer in Nigeria',2009,2,4,'0.99',109,'16.99','PG-13','Trailers,Commentaries,Deleted Scenes,Behind the Scenes'),
(749,'RULES HUMAN','A Beautiful Epistle of a Astronaut And a Student who must Confront a Monkey in An Abandoned Fun House',2009,2,6,'4.99',153,'19.99','R','Deleted Scenes,Behind the Scenes'),
(750,'RUN PACIFIC','A Touching Tale of a Cat And a Pastry Chef who must Conquer a Pastry Chef in A MySQL Convention',2010,2,3,'0.99',145,'25.99','R','Commentaries,Deleted Scenes,Behind the Scenes'),
(751,'RUNAWAY TENENBAUMS','A Thoughtful Documentary of a Boat And a Man who must Meet a Boat in An Abandoned Fun House',2010,2,6,'0.99',181,'17.99','NC-17','Commentaries'),
(752,'RUNNER MADIGAN','A Thoughtful Documentary of a Crocodile And a Robot who must Outrace a Womanizer in The Outback',2010,2,6,'0.99',101,'27.99','NC-17','Commentaries,Deleted Scenes,Behind the Scenes'),
(753,'RUSH GOODFELLAS','A Emotional Display of a Man And a Dentist who must Challenge a Squirrel in Australia',2010,2,3,'0.99',48,'20.99','PG','Deleted Scenes'),
(754,'RUSHMORE MERMAID','A Boring Story of a Woman And a Moose who must Reach a Husband in A Shark Tank',2010,7,6,'2.99',150,'17.99','PG-13','Trailers,Commentaries,Deleted Scenes'),
(755,'SABRINA MIDNIGHT','A Emotional Story of a Squirrel And a Crocodile who must Succumb a Husband in The Sahara Desert',2010,7,5,'4.99',99,'11.99','PG','Trailers,Behind the Scenes'),
(756,'SADDLE ANTITRUST','A Stunning Epistle of a Feminist And a A Shark who must Battle a Woman in An Abandoned Fun House',2010,7,7,'2.99',80,'10.99','PG-13','Trailers,Deleted Scenes'),
(757,'SAGEBRUSH CLUELESS','A Insightful Story of a Lumberjack And a Hunter who must Kill a Boy in Ancient Japan',2010,7,4,'2.99',106,'28.99','G','Trailers'),
(758,'SAINTS BRIDE','A Fateful Tale of a Technical Writer And a Composer who must Pursue a Explorer in The Gulf of Mexico',2010,7,5,'2.99',125,'11.99','G','Deleted Scenes'),
(759,'SALUTE APOLLO','A Awe-Inspiring Character Study of a Boy And a Feminist who must Sink a Crocodile in Ancient China',2010,7,4,'2.99',73,'29.99','R','Trailers,Commentaries,Deleted Scenes,Behind the Scenes'),
(760,'SAMURAI LION','A Fast-Paced Story of a Pioneer And a Astronaut who must Reach a Boat in A Baloon',2010,7,5,'2.99',110,'21.99','G','Commentaries'),
(761,'SANTA PARIS','A Emotional Documentary of a Moose And a Car who must Redeem a Mad Cow in A Baloon Factory',2010,7,7,'2.99',154,'23.99','PG','Commentaries,Behind the Scenes'),
(762,'SASSY PACKER','A Fast-Paced Documentary of a Dog And a Teacher who must Find a Moose in A Manhattan Penthouse',2010,7,6,'0.99',154,'29.99','G','Deleted Scenes,Behind the Scenes'),
(763,'SATISFACTION CONFIDENTIAL','A Lacklusture Yarn of a Dentist And a Butler who must Meet a Secret Agent in Ancient China',2010,7,3,'4.99',75,'26.99','G','Commentaries,Deleted Scenes,Behind the Scenes'),
(764,'SATURDAY LAMBS','A Thoughtful Reflection of a Mad Scientist And a Moose who must Kill a Husband in A Baloon',2010,7,3,'4.99',150,'28.99','G','Commentaries,Deleted Scenes'),
(765,'SATURN NAME','A Fateful Epistle of a Butler And a Boy who must Redeem a Teacher in Berlin',2010,7,7,'4.99',182,'18.99','R','Trailers,Commentaries,Deleted Scenes,Behind the Scenes'),
(766,'SAVANNAH TOWN','A Awe-Inspiring Tale of a Astronaut And a Database Administrator who must Chase a Secret Agent in The Gulf of Mexico',2010,7,5,'0.99',84,'25.99','PG-13','Commentaries,Deleted Scenes,Behind the Scenes'),
(767,'SCALAWAG DUCK','A Fateful Reflection of a Car And a Teacher who must Confront a Waitress in A Monastery',2010,7,6,'4.99',183,'13.99','NC-17','Commentaries,Behind the Scenes'),
(768,'SCARFACE BANG','A Emotional Yarn of a Teacher And a Girl who must Find a Teacher in A Baloon Factory',2010,7,3,'4.99',102,'11.99','PG-13','Commentaries,Deleted Scenes'),
(769,'SCHOOL JACKET','A Intrepid Yarn of a Monkey And a Boy who must Fight a Composer in A Manhattan Penthouse',2010,7,5,'4.99',151,'21.99','PG-13','Trailers'),
(770,'SCISSORHANDS SLUMS','A Awe-Inspiring Drama of a Girl And a Technical Writer who must Meet a Feminist in The Canadian Rockies',2010,7,5,'2.99',147,'13.99','G','Commentaries,Deleted Scenes,Behind the Scenes'),
(771,'SCORPION APOLLO','A Awe-Inspiring Documentary of a Technical Writer And a Husband who must Meet a Monkey in An Abandoned Fun House',2010,7,3,'4.99',137,'23.99','NC-17','Commentaries,Deleted Scenes'),
(772,'SEA VIRGIN','A Fast-Paced Documentary of a Technical Writer And a Pastry Chef who must Escape a Moose in A U-Boat',2010,7,4,'2.99',80,'24.99','PG','Deleted Scenes'),
(773,'SEABISCUIT PUNK','A Insightful Saga of a Man And a Forensic Psychologist who must Discover a Mad Cow in A MySQL Convention',2010,7,6,'2.99',112,'28.99','NC-17','Commentaries,Deleted Scenes,Behind the Scenes'),
(774,'SEARCHERS WAIT','A Fast-Paced Tale of a Car And a Mad Scientist who must Kill a Womanizer in Ancient Japan',2010,7,3,'2.99',182,'22.99','NC-17','Trailers,Commentaries,Deleted Scenes,Behind the Scenes'),
(775,'SEATTLE EXPECATIONS','A Insightful Reflection of a Crocodile And a Sumo Wrestler who must Meet a Technical Writer in The Sahara Desert',2010,7,4,'4.99',110,'18.99','PG-13','Trailers'),
(776,'SECRET GROUNDHOG','A Astounding Story of a Cat And a Database Administrator who must Build a Technical Writer in New Orleans',2010,7,6,'4.99',90,'11.99','PG','Commentaries,Deleted Scenes'),
(777,'SECRETARY ROUGE','A Action-Packed Panorama of a Mad Cow And a Composer who must Discover a Robot in A Baloon Factory',2010,7,5,'4.99',158,'10.99','PG','Commentaries,Behind the Scenes'),
(778,'SECRETS PARADISE','A Fateful Saga of a Cat And a Frisbee who must Kill a Girl in A Manhattan Penthouse',2010,7,3,'4.99',109,'24.99','G','Trailers,Commentaries'),
(779,'SENSE GREEK','A Taut Saga of a Lumberjack And a Pastry Chef who must Escape a Sumo Wrestler in An Abandoned Fun House',2010,7,4,'4.99',54,'23.99','R','Deleted Scenes,Behind the Scenes'),
(780,'SENSIBILITY REAR','A Emotional Tale of a Robot And a Sumo Wrestler who must Redeem a Pastry Chef in A Baloon Factory',2010,7,7,'4.99',98,'15.99','PG','Behind the Scenes'),
(781,'SEVEN SWARM','A Unbelieveable Character Study of a Dog And a Mad Cow who must Kill a Monkey in Berlin',2010,7,4,'4.99',127,'15.99','R','Deleted Scenes'),
(782,'SHAKESPEARE SADDLE','A Fast-Paced Panorama of a Lumberjack And a Database Administrator who must Defeat a Madman in A MySQL Convention',2010,7,6,'2.99',60,'26.99','PG-13','Commentaries,Behind the Scenes'),
(783,'SHANE DARKNESS','A Action-Packed Saga of a Moose And a Lumberjack who must Find a Woman in Berlin',2010,7,5,'2.99',93,'22.99','PG','Commentaries,Deleted Scenes'),
(784,'SHANGHAI TYCOON','A Fast-Paced Character Study of a Crocodile And a Lumberjack who must Build a Husband in An Abandoned Fun House',2010,7,7,'2.99',47,'20.99','PG','Commentaries,Deleted Scenes,Behind the Scenes'),
(785,'SHAWSHANK BUBBLE','A Lacklusture Story of a Moose And a Monkey who must Confront a Butler in An Abandoned Amusement Park',2010,7,6,'4.99',80,'20.99','PG','Commentaries,Deleted Scenes'),
(786,'SHEPHERD MIDSUMMER','A Thoughtful Drama of a Robot And a Womanizer who must Kill a Lumberjack in A Baloon',2010,7,7,'0.99',113,'14.99','R','Deleted Scenes'),
(787,'SHINING ROSES','A Awe-Inspiring Character Study of a Astronaut And a Forensic Psychologist who must Challenge a Madman in Ancient India',2010,7,4,'0.99',125,'12.99','G','Trailers,Commentaries,Deleted Scenes,Behind the Scenes'),
(788,'SHIP WONDERLAND','A Thrilling Saga of a Monkey And a Frisbee who must Escape a Explorer in The Outback',2010,7,5,'2.99',104,'15.99','R','Commentaries'),
(789,'SHOCK CABIN','A Fateful Tale of a Mad Cow And a Crocodile who must Meet a Husband in New Orleans',2010,7,7,'2.99',79,'15.99','PG-13','Trailers,Commentaries,Behind the Scenes'),
(790,'SHOOTIST SUPERFLY','A Fast-Paced Story of a Crocodile And a A Shark who must Sink a Pioneer in Berlin',2010,7,6,'0.99',67,'22.99','PG-13','Trailers'),
(791,'SHOW LORD','A Fanciful Saga of a Student And a Girl who must Find a Butler in Ancient Japan',2010,7,3,'4.99',167,'24.99','PG-13','Deleted Scenes'),
(792,'SHREK LICENSE','A Fateful Yarn of a Secret Agent And a Feminist who must Find a Feminist in A Jet Boat',2010,7,7,'2.99',154,'15.99','PG-13','Commentaries'),
(793,'SHRUNK DIVINE','A Fateful Character Study of a Waitress And a Technical Writer who must Battle a Hunter in A Baloon',2010,7,6,'2.99',139,'14.99','R','Trailers,Deleted Scenes,Behind the Scenes'),
(794,'SIDE ARK','A Stunning Panorama of a Crocodile And a Womanizer who must Meet a Feminist in The Canadian Rockies',2010,7,5,'0.99',52,'28.99','G','Deleted Scenes,Behind the Scenes'),
(795,'SIEGE MADRE','A Boring Tale of a Frisbee And a Crocodile who must Vanquish a Moose in An Abandoned Mine Shaft',2010,7,7,'0.99',111,'23.99','R','Trailers,Deleted Scenes'),
(796,'SIERRA DIVIDE','A Emotional Character Study of a Frisbee And a Mad Scientist who must Build a Madman in California',2010,7,3,'0.99',135,'12.99','NC-17','Commentaries,Deleted Scenes'),
(797,'SILENCE KANE','A Emotional Drama of a Sumo Wrestler And a Dentist who must Confront a Sumo Wrestler in A Baloon',2010,7,7,'0.99',67,'23.99','R','Trailers,Deleted Scenes,Behind the Scenes'),
(798,'SILVERADO GOLDFINGER','A Stunning Epistle of a Sumo Wrestler And a Man who must Challenge a Waitress in Ancient India',2010,7,4,'4.99',74,'11.99','PG','Trailers,Commentaries'),
(799,'SIMON NORTH','A Thrilling Documentary of a Technical Writer And a A Shark who must Face a Pioneer in A Shark Tank',2010,7,3,'0.99',51,'26.99','NC-17','Trailers,Commentaries'),
(800,'SINNERS ATLANTIS','A Epic Display of a Dog And a Boat who must Succumb a Mad Scientist in An Abandoned Mine Shaft',2010,7,7,'2.99',126,'19.99','PG-13','Trailers,Commentaries,Deleted Scenes'),
(801,'SISTER FREDDY','A Stunning Saga of a Butler And a Woman who must Pursue a Explorer in Australia',2010,7,5,'4.99',152,'19.99','PG-13','Trailers,Behind the Scenes'),
(802,'SKY MIRACLE','A Epic Drama of a Mad Scientist And a Explorer who must Succumb a Waitress in An Abandoned Fun House',2010,7,7,'2.99',132,'15.99','PG','Trailers,Commentaries,Deleted Scenes'),
(803,'SLACKER LIAISONS','A Fast-Paced Tale of a A Shark And a Student who must Meet a Crocodile in Ancient China',2010,7,7,'4.99',179,'29.99','R','Trailers,Commentaries,Behind the Scenes'),
(804,'SLEEPING SUSPECTS','A Stunning Reflection of a Sumo Wrestler And a Explorer who must Sink a Frisbee in A MySQL Convention',2010,7,7,'4.99',129,'13.99','PG-13','Trailers,Commentaries'),
(805,'SLEEPLESS MONSOON','A Amazing Saga of a Moose And a Pastry Chef who must Escape a Butler in Australia',2010,7,5,'4.99',64,'12.99','G','Trailers,Deleted Scenes,Behind the Scenes'),
(806,'SLEEPY JAPANESE','A Emotional Epistle of a Moose And a Composer who must Fight a Technical Writer in The Outback',2010,7,4,'2.99',137,'25.99','PG','Trailers,Commentaries,Deleted Scenes'),
(807,'SLEUTH ORIENT','A Fateful Character Study of a Husband And a Dog who must Find a Feminist in Ancient India',2010,7,4,'0.99',87,'25.99','NC-17','Deleted Scenes,Behind the Scenes'),
(808,'SLING LUKE','A Intrepid Character Study of a Robot And a Monkey who must Reach a Secret Agent in An Abandoned Amusement Park',2010,7,5,'0.99',84,'10.99','R','Behind the Scenes'),
(809,'SLIPPER FIDELITY','A Taut Reflection of a Secret Agent And a Man who must Redeem a Explorer in A MySQL Convention',2010,7,5,'0.99',156,'14.99','PG-13','Trailers,Deleted Scenes'),
(810,'SLUMS DUCK','A Amazing Character Study of a Teacher And a Database Administrator who must Defeat a Waitress in A Jet Boat',2010,7,5,'0.99',147,'21.99','PG','Commentaries,Deleted Scenes,Behind the Scenes'),
(811,'SMILE EARRING','A Intrepid Drama of a Teacher And a Butler who must Build a Pastry Chef in Berlin',2010,7,4,'2.99',60,'29.99','G','Commentaries,Behind the Scenes'),
(812,'SMOKING BARBARELLA','A Lacklusture Saga of a Mad Cow And a Mad Scientist who must Sink a Cat in A MySQL Convention',2010,7,7,'0.99',50,'13.99','PG-13','Behind the Scenes'),
(813,'SMOOCHY CONTROL','A Thrilling Documentary of a Husband And a Feminist who must Face a Mad Scientist in Ancient China',2010,7,7,'0.99',184,'18.99','R','Behind the Scenes'),
(814,'SNATCH SLIPPER','A Insightful Panorama of a Woman And a Feminist who must Defeat a Forensic Psychologist in Berlin',2010,7,6,'4.99',110,'15.99','PG','Commentaries'),
(815,'SNATCHERS MONTEZUMA','A Boring Epistle of a Sumo Wrestler And a Woman who must Escape a Man in The Canadian Rockies',2010,7,4,'2.99',74,'14.99','PG-13','Commentaries'),
(816,'SNOWMAN ROLLERCOASTER','A Fateful Display of a Lumberjack And a Girl who must Succumb a Mad Cow in A Manhattan Penthouse',2010,7,3,'0.99',62,'27.99','G','Trailers'),
(817,'SOLDIERS EVOLUTION','A Lacklusture Panorama of a A Shark And a Pioneer who must Confront a Student in The First Manned Space Station',2010,7,7,'4.99',185,'27.99','R','Trailers,Commentaries,Deleted Scenes,Behind the Scenes'),
(818,'SOMETHING DUCK','A Boring Character Study of a Car And a Husband who must Outgun a Frisbee in The First Manned Space Station',2010,7,4,'4.99',180,'17.99','NC-17','Commentaries,Behind the Scenes'),
(819,'SONG HEDWIG','A Amazing Documentary of a Man And a Husband who must Confront a Squirrel in A MySQL Convention',2010,7,3,'0.99',165,'29.99','PG-13','Trailers,Deleted Scenes'),
(820,'SONS INTERVIEW','A Taut Character Study of a Explorer And a Mad Cow who must Battle a Hunter in Ancient China',2010,7,3,'2.99',184,'11.99','NC-17','Commentaries,Behind the Scenes'),
(821,'SORORITY QUEEN','A Fast-Paced Display of a Squirrel And a Composer who must Fight a Forensic Psychologist in A Jet Boat',2010,7,6,'0.99',184,'17.99','NC-17','Trailers,Deleted Scenes'),
(822,'SOUP WISDOM','A Fast-Paced Display of a Robot And a Butler who must Defeat a Butler in A MySQL Convention',2010,7,6,'0.99',169,'12.99','R','Behind the Scenes'),
(823,'SOUTH WAIT','A Amazing Documentary of a Car And a Robot who must Escape a Lumberjack in An Abandoned Amusement Park',2010,7,4,'2.99',143,'21.99','R','Commentaries,Behind the Scenes'),
(824,'SPARTACUS CHEAPER','A Thrilling Panorama of a Pastry Chef And a Secret Agent who must Overcome a Student in A Manhattan Penthouse',2010,7,4,'4.99',52,'19.99','NC-17','Deleted Scenes,Behind the Scenes'),
(825,'SPEAKEASY DATE','A Lacklusture Drama of a Forensic Psychologist And a Car who must Redeem a Man in A Manhattan Penthouse',2010,7,6,'2.99',165,'22.99','PG-13','Deleted Scenes,Behind the Scenes'),
(826,'SPEED SUIT','A Brilliant Display of a Frisbee And a Mad Scientist who must Succumb a Robot in Ancient China',2010,7,7,'4.99',124,'19.99','PG-13','Commentaries,Behind the Scenes'),
(827,'SPICE SORORITY','A Fateful Display of a Pioneer And a Hunter who must Defeat a Husband in An Abandoned Mine Shaft',2010,7,5,'4.99',141,'22.99','NC-17','Trailers,Commentaries,Deleted Scenes,Behind the Scenes'),
(828,'SPIKING ELEMENT','A Lacklusture Epistle of a Dentist And a Technical Writer who must Find a Dog in A Monastery',2010,7,7,'2.99',79,'12.99','G','Trailers,Deleted Scenes,Behind the Scenes'),
(829,'SPINAL ROCKY','A Lacklusture Epistle of a Sumo Wrestler And a Squirrel who must Defeat a Explorer in California',2010,7,7,'2.99',138,'12.99','PG-13','Commentaries,Deleted Scenes'),
(830,'SPIRIT FLINTSTONES','A Brilliant Yarn of a Cat And a Car who must Confront a Explorer in Ancient Japan',2010,7,7,'0.99',149,'23.99','R','Commentaries,Deleted Scenes'),
(831,'SPIRITED CASUALTIES','A Taut Story of a Waitress And a Man who must Face a Car in A Baloon Factory',2010,7,5,'0.99',138,'20.99','PG-13','Commentaries,Behind the Scenes'),
(832,'SPLASH GUMP','A Taut Saga of a Crocodile And a Boat who must Conquer a Hunter in A Shark Tank',2010,7,5,'0.99',175,'16.99','PG','Trailers,Commentaries,Deleted Scenes,Behind the Scenes'),
(833,'SPLENDOR PATTON','A Taut Story of a Dog And a Explorer who must Find a Astronaut in Berlin',2010,7,5,'0.99',134,'20.99','R','Trailers,Commentaries,Deleted Scenes,Behind the Scenes'),
(834,'SPOILERS HELLFIGHTERS','A Fanciful Story of a Technical Writer And a Squirrel who must Defeat a Dog in The Gulf of Mexico',2010,7,4,'0.99',151,'26.99','G','Trailers,Commentaries,Deleted Scenes,Behind the Scenes'),
(835,'SPY MILE','A Thrilling Documentary of a Feminist And a Feminist who must Confront a Feminist in A Baloon',2010,7,6,'2.99',112,'13.99','PG-13','Trailers,Commentaries,Deleted Scenes,Behind the Scenes'),
(836,'SQUAD FISH','A Fast-Paced Display of a Pastry Chef And a Dog who must Kill a Teacher in Berlin',2010,7,3,'2.99',136,'14.99','PG','Commentaries,Deleted Scenes,Behind the Scenes'),
(837,'STAGE WORLD','A Lacklusture Panorama of a Woman And a Frisbee who must Chase a Crocodile in A Jet Boat',2010,7,4,'2.99',85,'19.99','PG','Commentaries,Behind the Scenes'),
(838,'STAGECOACH ARMAGEDDON','A Touching Display of a Pioneer And a Butler who must Chase a Car in California',2010,7,5,'4.99',112,'25.99','R','Trailers,Deleted Scenes'),
(839,'STALLION SUNDANCE','A Fast-Paced Tale of a Car And a Dog who must Outgun a A Shark in Australia',2010,7,5,'0.99',130,'23.99','PG-13','Deleted Scenes,Behind the Scenes'),
(840,'STAMPEDE DISTURBING','A Unbelieveable Tale of a Woman And a Lumberjack who must Fight a Frisbee in A U-Boat',2010,7,5,'0.99',75,'26.99','R','Commentaries,Deleted Scenes,Behind the Scenes'),
(841,'STAR OPERATION','A Insightful Character Study of a Girl And a Car who must Pursue a Mad Cow in A Shark Tank',2010,7,5,'2.99',181,'9.99','PG','Commentaries'),
(842,'STATE WASTELAND','A Beautiful Display of a Cat And a Pastry Chef who must Outrace a Mad Cow in A Jet Boat',2010,7,4,'2.99',113,'13.99','NC-17','Trailers,Commentaries,Deleted Scenes,Behind the Scenes'),
(843,'STEEL SANTA','A Fast-Paced Yarn of a Composer And a Frisbee who must Face a Moose in Nigeria',2010,7,4,'4.99',143,'15.99','NC-17','Commentaries,Deleted Scenes'),
(844,'STEERS ARMAGEDDON','A Stunning Character Study of a Car And a Girl who must Succumb a Car in A MySQL Convention',2010,7,6,'4.99',140,'16.99','PG','Trailers,Commentaries,Deleted Scenes,Behind the Scenes'),
(845,'STEPMOM DREAM','A Touching Epistle of a Crocodile And a Teacher who must Build a Forensic Psychologist in A MySQL Convention',2010,7,7,'4.99',48,'9.99','NC-17','Deleted Scenes,Behind the Scenes'),
(846,'STING PERSONAL','A Fanciful Drama of a Frisbee And a Dog who must Fight a Madman in A Jet Boat',2010,7,3,'4.99',93,'9.99','NC-17','Commentaries,Deleted Scenes,Behind the Scenes'),
(847,'STOCK GLASS','A Boring Epistle of a Crocodile And a Lumberjack who must Outgun a Moose in Ancient China',2010,7,7,'2.99',160,'10.99','PG','Commentaries'),
(848,'STONE FIRE','A Intrepid Drama of a Astronaut And a Crocodile who must Find a Boat in Soviet Georgia',2010,7,3,'0.99',94,'19.99','G','Trailers'),
(849,'STORM HAPPINESS','A Insightful Drama of a Feminist And a A Shark who must Vanquish a Boat in A Shark Tank',2010,7,6,'0.99',57,'28.99','NC-17','Trailers,Commentaries,Behind the Scenes'),
(850,'STORY SIDE','A Lacklusture Saga of a Boy And a Cat who must Sink a Dentist in An Abandoned Mine Shaft',2010,7,7,'0.99',163,'27.99','R','Trailers,Behind the Scenes'),
(851,'STRAIGHT HOURS','A Boring Panorama of a Secret Agent And a Girl who must Sink a Waitress in The Outback',2010,7,3,'0.99',151,'19.99','R','Commentaries,Behind the Scenes'),
(852,'STRANGELOVE DESIRE','A Awe-Inspiring Panorama of a Lumberjack And a Waitress who must Defeat a Crocodile in An Abandoned Amusement Park',2010,7,4,'0.99',103,'27.99','NC-17','Trailers,Commentaries,Deleted Scenes'),
(853,'STRANGER STRANGERS','A Awe-Inspiring Yarn of a Womanizer And a Explorer who must Fight a Woman in The First Manned Space Station',2010,7,3,'4.99',139,'12.99','G','Commentaries,Deleted Scenes'),
(854,'STRANGERS GRAFFITI','A Brilliant Character Study of a Secret Agent And a Man who must Find a Cat in The Gulf of Mexico',2010,7,4,'4.99',119,'22.99','R','Trailers,Behind the Scenes'),
(855,'STREAK RIDGEMONT','A Astounding Character Study of a Hunter And a Waitress who must Sink a Man in New Orleans',2010,7,7,'0.99',132,'28.99','PG-13','Trailers,Behind the Scenes'),
(856,'STREETCAR INTENTIONS','A Insightful Character Study of a Waitress And a Crocodile who must Sink a Waitress in The Gulf of Mexico',2010,7,5,'4.99',73,'11.99','R','Commentaries'),
(857,'STRICTLY SCARFACE','A Touching Reflection of a Crocodile And a Dog who must Chase a Hunter in An Abandoned Fun House',2010,7,3,'2.99',144,'24.99','PG-13','Commentaries,Deleted Scenes,Behind the Scenes'),
(858,'SUBMARINE BED','A Amazing Display of a Car And a Monkey who must Fight a Teacher in Soviet Georgia',2010,7,5,'4.99',127,'21.99','R','Trailers'),
(859,'SUGAR WONKA','A Touching Story of a Dentist And a Database Administrator who must Conquer a Astronaut in An Abandoned Amusement Park',2010,7,3,'4.99',114,'20.99','PG','Trailers,Commentaries,Behind the Scenes'),
(860,'SUICIDES SILENCE','A Emotional Character Study of a Car And a Girl who must Face a Composer in A U-Boat',2010,7,4,'4.99',93,'13.99','G','Deleted Scenes'),
(861,'SUIT WALLS','A Touching Panorama of a Lumberjack And a Frisbee who must Build a Dog in Australia',2010,7,3,'4.99',111,'12.99','R','Commentaries'),
(862,'SUMMER SCARFACE','A Emotional Panorama of a Lumberjack And a Hunter who must Meet a Girl in A Shark Tank',2010,7,5,'0.99',53,'25.99','G','Deleted Scenes,Behind the Scenes'),
(863,'SUN CONFESSIONS','A Beautiful Display of a Mad Cow And a Dog who must Redeem a Waitress in An Abandoned Amusement Park',2010,7,5,'0.99',141,'9.99','R','Trailers,Behind the Scenes'),
(864,'SUNDANCE INVASION','A Epic Drama of a Lumberjack And a Explorer who must Confront a Hunter in A Baloon Factory',2010,7,5,'0.99',92,'21.99','NC-17','Commentaries,Behind the Scenes'),
(865,'SUNRISE LEAGUE','A Beautiful Epistle of a Madman And a Butler who must Face a Crocodile in A Manhattan Penthouse',2010,7,3,'4.99',135,'19.99','PG-13','Behind the Scenes'),
(866,'SUNSET RACER','A Awe-Inspiring Reflection of a Astronaut And a A Shark who must Defeat a Forensic Psychologist in California',2010,7,6,'0.99',48,'28.99','NC-17','Commentaries,Behind the Scenes'),
(867,'SUPER WYOMING','A Action-Packed Saga of a Pastry Chef And a Explorer who must Discover a A Shark in The Outback',2010,7,5,'4.99',58,'10.99','PG','Trailers,Commentaries,Behind the Scenes'),
(868,'SUPERFLY TRIP','A Beautiful Saga of a Lumberjack And a Teacher who must Build a Technical Writer in An Abandoned Fun House',2010,7,5,'0.99',114,'27.99','PG','Commentaries,Behind the Scenes'),
(869,'SUSPECTS QUILLS','A Emotional Epistle of a Pioneer And a Crocodile who must Battle a Man in A Manhattan Penthouse',2010,7,4,'2.99',47,'22.99','PG','Trailers'),
(870,'SWARM GOLD','A Insightful Panorama of a Crocodile And a Boat who must Conquer a Sumo Wrestler in A MySQL Convention',2010,7,4,'0.99',123,'12.99','PG-13','Trailers,Commentaries'),
(871,'SWEDEN SHINING','A Taut Documentary of a Car And a Robot who must Conquer a Boy in The Canadian Rockies',2010,7,6,'4.99',176,'19.99','PG','Deleted Scenes,Behind the Scenes'),
(872,'SWEET BROTHERHOOD','A Unbelieveable Epistle of a Sumo Wrestler And a Hunter who must Chase a Forensic Psychologist in A Baloon',2010,7,3,'2.99',185,'27.99','R','Deleted Scenes'),
(873,'SWEETHEARTS SUSPECTS','A Brilliant Character Study of a Frisbee And a Sumo Wrestler who must Confront a Woman in The Gulf of Mexico',2010,7,3,'0.99',108,'13.99','G','Trailers,Commentaries,Deleted Scenes,Behind the Scenes'),
(874,'TADPOLE PARK','A Beautiful Tale of a Frisbee And a Moose who must Vanquish a Dog in An Abandoned Amusement Park',2010,7,6,'2.99',155,'13.99','PG','Trailers,Commentaries'),
(875,'TALENTED HOMICIDE','A Lacklusture Panorama of a Dentist And a Forensic Psychologist who must Outrace a Pioneer in A U-Boat',2010,7,6,'0.99',173,'9.99','PG','Commentaries,Deleted Scenes,Behind the Scenes'),
(876,'TARZAN VIDEOTAPE','A Fast-Paced Display of a Lumberjack And a Mad Scientist who must Succumb a Sumo Wrestler in The Sahara Desert',2010,7,3,'2.99',91,'11.99','PG-13','Trailers'),
(877,'TAXI KICK','A Amazing Epistle of a Girl And a Woman who must Outrace a Waitress in Soviet Georgia',2010,7,4,'0.99',64,'23.99','PG-13','Commentaries,Deleted Scenes'),
(878,'TEEN APOLLO','A Awe-Inspiring Drama of a Dog And a Man who must Escape a Robot in A Shark Tank',2010,7,3,'4.99',74,'25.99','G','Trailers,Deleted Scenes,Behind the Scenes'),
(879,'TELEGRAPH VOYAGE','A Fateful Yarn of a Husband And a Dog who must Battle a Waitress in A Jet Boat',2010,7,3,'4.99',148,'20.99','PG','Commentaries'),
(880,'TELEMARK HEARTBREAKERS','A Action-Packed Panorama of a Technical Writer And a Man who must Build a Forensic Psychologist in A Manhattan Penthouse',2010,7,6,'2.99',152,'9.99','PG-13','Trailers,Commentaries,Deleted Scenes,Behind the Scenes'),
(881,'TEMPLE ATTRACTION','A Action-Packed Saga of a Forensic Psychologist And a Woman who must Battle a Womanizer in Soviet Georgia',2010,7,5,'4.99',71,'13.99','PG','Commentaries,Deleted Scenes'),
(882,'TENENBAUMS COMMAND','A Taut Display of a Pioneer And a Man who must Reach a Girl in The Gulf of Mexico',2010,7,4,'0.99',99,'24.99','PG-13','Trailers,Commentaries'),
(883,'TEQUILA PAST','A Action-Packed Panorama of a Mad Scientist And a Robot who must Challenge a Student in Nigeria',2010,7,6,'4.99',53,'17.99','PG','Commentaries,Behind the Scenes'),
(884,'TERMINATOR CLUB','A Touching Story of a Crocodile And a Girl who must Sink a Man in The Gulf of Mexico',2010,7,5,'4.99',88,'11.99','R','Trailers,Deleted Scenes,Behind the Scenes'),
(885,'TEXAS WATCH','A Awe-Inspiring Yarn of a Student And a Teacher who must Fight a Teacher in An Abandoned Amusement Park',2016,7,7,'0.99',179,'22.99','NC-17','Trailers'),
(886,'THEORY MERMAID','A Fateful Yarn of a Composer And a Monkey who must Vanquish a Womanizer in The First Manned Space Station',2016,7,5,'0.99',184,'9.99','PG-13','Deleted Scenes,Behind the Scenes'),
(887,'THIEF PELICAN','A Touching Documentary of a Madman And a Mad Scientist who must Outrace a Feminist in An Abandoned Mine Shaft',2016,7,5,'4.99',135,'28.99','PG-13','Deleted Scenes,Behind the Scenes'),
(888,'THIN SAGEBRUSH','A Emotional Drama of a Husband And a Lumberjack who must Build a Cat in Ancient India',2016,7,5,'4.99',53,'9.99','PG-13','Behind the Scenes'),
(889,'TIES HUNGER','A Insightful Saga of a Astronaut And a Explorer who must Pursue a Mad Scientist in A U-Boat',2016,7,3,'4.99',111,'28.99','R','Deleted Scenes'),
(890,'TIGHTS DAWN','A Thrilling Epistle of a Boat And a Secret Agent who must Face a Boy in A Baloon',2016,7,5,'0.99',172,'14.99','R','Trailers,Behind the Scenes'),
(891,'TIMBERLAND SKY','A Boring Display of a Man And a Dog who must Redeem a Girl in A U-Boat',2016,7,3,'0.99',69,'13.99','G','Commentaries'),
(892,'TITANIC BOONDOCK','A Brilliant Reflection of a Feminist And a Dog who must Fight a Boy in A Baloon Factory',2016,7,3,'4.99',104,'18.99','R','Trailers,Commentaries,Deleted Scenes,Behind the Scenes'),
(893,'TITANS JERK','A Unbelieveable Panorama of a Feminist And a Sumo Wrestler who must Challenge a Technical Writer in Ancient China',2016,7,4,'4.99',91,'11.99','PG','Behind the Scenes'),
(894,'TOMATOES HELLFIGHTERS','A Thoughtful Epistle of a Madman And a Astronaut who must Overcome a Monkey in A Shark Tank',2016,7,6,'0.99',68,'23.99','PG','Behind the Scenes'),
(895,'TOMORROW HUSTLER','A Thoughtful Story of a Moose And a Husband who must Face a Secret Agent in The Sahara Desert',2016,7,3,'2.99',142,'21.99','R','Commentaries'),
(896,'TOOTSIE PILOT','A Awe-Inspiring Documentary of a Womanizer And a Pastry Chef who must Kill a Lumberjack in Berlin',2016,7,3,'0.99',157,'10.99','PG','Commentaries,Deleted Scenes,Behind the Scenes'),
(897,'TORQUE BOUND','A Emotional Display of a Crocodile And a Husband who must Reach a Man in Ancient Japan',2016,7,3,'4.99',179,'27.99','G','Trailers,Commentaries'),
(898,'TOURIST PELICAN','A Boring Story of a Butler And a Astronaut who must Outrace a Pioneer in Australia',2016,7,4,'4.99',152,'18.99','PG-13','Deleted Scenes'),
(899,'TOWERS HURRICANE','A Fateful Display of a Monkey And a Car who must Sink a Husband in A MySQL Convention',2016,7,7,'0.99',144,'14.99','NC-17','Commentaries,Behind the Scenes'),
(900,'TOWN ARK','A Awe-Inspiring Documentary of a Moose And a Madman who must Meet a Dog in An Abandoned Mine Shaft',2016,7,6,'2.99',136,'17.99','R','Behind the Scenes'),
(901,'TRACY CIDER','A Touching Reflection of a Database Administrator And a Madman who must Build a Lumberjack in Nigeria',2016,7,3,'0.99',142,'29.99','G','Trailers,Commentaries,Behind the Scenes'),
(902,'TRADING PINOCCHIO','A Emotional Character Study of a Student And a Explorer who must Discover a Frisbee in The First Manned Space Station',2016,7,6,'4.99',170,'22.99','PG','Trailers,Deleted Scenes,Behind the Scenes'),
(903,'TRAFFIC HOBBIT','A Amazing Epistle of a Squirrel And a Lumberjack who must Succumb a Database Administrator in A U-Boat',2016,7,5,'4.99',139,'13.99','G','Trailers,Commentaries'),
(904,'TRAIN BUNCH','A Thrilling Character Study of a Robot And a Squirrel who must Face a Dog in Ancient India',2016,7,3,'4.99',71,'26.99','R','Trailers,Deleted Scenes'),
(905,'TRAINSPOTTING STRANGERS','A Fast-Paced Drama of a Pioneer And a Mad Cow who must Challenge a Madman in Ancient Japan',2016,7,7,'4.99',132,'10.99','PG-13','Trailers'),
(906,'TRAMP OTHERS','A Brilliant Display of a Composer And a Cat who must Succumb a A Shark in Ancient India',2016,7,4,'0.99',171,'27.99','PG','Deleted Scenes'),
(907,'TRANSLATION SUMMER','A Touching Reflection of a Man And a Monkey who must Pursue a Womanizer in A MySQL Convention',2016,7,4,'0.99',168,'10.99','PG-13','Trailers'),
(908,'TRAP GUYS','A Unbelieveable Story of a Boy And a Mad Cow who must Challenge a Database Administrator in The Sahara Desert',2016,7,3,'4.99',110,'11.99','G','Commentaries,Behind the Scenes'),
(909,'TREASURE COMMAND','A Emotional Saga of a Car And a Madman who must Discover a Pioneer in California',2016,7,3,'0.99',102,'28.99','PG-13','Trailers,Commentaries,Deleted Scenes,Behind the Scenes'),
(910,'TREATMENT JEKYLL','A Boring Story of a Teacher And a Student who must Outgun a Cat in An Abandoned Mine Shaft',2016,7,3,'0.99',87,'19.99','PG','Trailers,Deleted Scenes,Behind the Scenes'),
(911,'TRIP NEWTON','A Fanciful Character Study of a Lumberjack And a Car who must Discover a Cat in An Abandoned Amusement Park',2016,7,7,'4.99',64,'14.99','PG-13','Commentaries,Deleted Scenes'),
(912,'TROJAN TOMORROW','A Astounding Panorama of a Husband And a Sumo Wrestler who must Pursue a Boat in Ancient India',2016,7,3,'2.99',52,'9.99','PG','Commentaries,Deleted Scenes'),
(913,'TROOPERS METAL','A Fanciful Drama of a Monkey And a Feminist who must Sink a Man in Berlin',2016,7,3,'0.99',115,'20.99','R','Deleted Scenes,Behind the Scenes'),
(914,'TROUBLE DATE','A Lacklusture Panorama of a Forensic Psychologist And a Woman who must Kill a Explorer in Ancient Japan',2016,7,6,'2.99',61,'13.99','PG','Trailers,Commentaries,Behind the Scenes'),
(915,'TRUMAN CRAZY','A Thrilling Epistle of a Moose And a Boy who must Meet a Database Administrator in A Monastery',2016,7,7,'4.99',92,'9.99','G','Trailers,Commentaries'),
(916,'TURN STAR','A Stunning Tale of a Man And a Monkey who must Chase a Student in New Orleans',2016,7,3,'2.99',80,'10.99','G','Commentaries,Behind the Scenes'),
(917,'TUXEDO MILE','A Boring Drama of a Man And a Forensic Psychologist who must Face a Frisbee in Ancient India',2016,7,3,'2.99',152,'24.99','R','Commentaries,Deleted Scenes,Behind the Scenes'),
(918,'TWISTED PIRATES','A Touching Display of a Frisbee And a Boat who must Kill a Girl in A MySQL Convention',2016,7,4,'4.99',152,'23.99','PG','Trailers,Commentaries,Deleted Scenes'),
(919,'TYCOON GATHERING','A Emotional Display of a Husband And a A Shark who must Succumb a Madman in A Manhattan Penthouse',2016,7,3,'4.99',82,'17.99','G','Trailers,Commentaries,Deleted Scenes'),
(920,'UNBREAKABLE KARATE','A Amazing Character Study of a Robot And a Student who must Chase a Robot in Australia',2016,7,3,'0.99',62,'16.99','G','Deleted Scenes,Behind the Scenes'),
(921,'UNCUT SUICIDES','A Intrepid Yarn of a Explorer And a Pastry Chef who must Pursue a Mad Cow in A U-Boat',2016,7,7,'2.99',172,'29.99','PG-13','Trailers,Commentaries,Behind the Scenes'),
(922,'UNDEFEATED DALMATIONS','A Unbelieveable Display of a Crocodile And a Feminist who must Overcome a Moose in An Abandoned Amusement Park',2016,7,7,'4.99',107,'22.99','PG-13','Commentaries'),
(923,'UNFAITHFUL KILL','A Taut Documentary of a Waitress And a Mad Scientist who must Battle a Technical Writer in New Orleans',2016,7,7,'2.99',78,'12.99','R','Commentaries,Deleted Scenes'),
(924,'UNFORGIVEN ZOOLANDER','A Taut Epistle of a Monkey And a Sumo Wrestler who must Vanquish a A Shark in A Baloon Factory',2016,7,7,'0.99',129,'15.99','PG','Trailers,Commentaries,Behind the Scenes'),
(925,'UNITED PILOT','A Fast-Paced Reflection of a Cat And a Mad Cow who must Fight a Car in The Sahara Desert',2016,7,3,'0.99',164,'27.99','R','Trailers,Deleted Scenes'),
(926,'UNTOUCHABLES SUNRISE','A Amazing Documentary of a Woman And a Astronaut who must Outrace a Teacher in An Abandoned Fun House',2016,3,5,'2.99',120,'11.99','NC-17','Trailers,Deleted Scenes'),
(927,'UPRISING UPTOWN','A Fanciful Reflection of a Boy And a Butler who must Pursue a Woman in Berlin',2016,3,6,'2.99',174,'16.99','NC-17','Trailers,Behind the Scenes'),
(928,'UPTOWN YOUNG','A Fateful Documentary of a Dog And a Hunter who must Pursue a Teacher in An Abandoned Amusement Park',2016,3,5,'2.99',84,'16.99','PG','Commentaries'),
(929,'USUAL UNTOUCHABLES','A Touching Display of a Explorer And a Lumberjack who must Fight a Forensic Psychologist in A Shark Tank',2016,3,5,'4.99',128,'21.99','PG-13','Trailers,Commentaries,Behind the Scenes'),
(930,'VACATION BOONDOCK','A Fanciful Character Study of a Secret Agent And a Mad Scientist who must Reach a Teacher in Australia',2016,3,4,'2.99',145,'23.99','R','Commentaries'),
(931,'VALENTINE VANISHING','A Thrilling Display of a Husband And a Butler who must Reach a Pastry Chef in California',2016,3,7,'0.99',48,'9.99','PG-13','Trailers,Behind the Scenes'),
(932,'VALLEY PACKER','A Astounding Documentary of a Astronaut And a Boy who must Outrace a Sumo Wrestler in Berlin',2016,3,3,'0.99',73,'21.99','G','Commentaries,Deleted Scenes'),
(933,'VAMPIRE WHALE','A Epic Story of a Lumberjack And a Monkey who must Confront a Pioneer in A MySQL Convention',2016,3,4,'4.99',126,'11.99','NC-17','Trailers,Commentaries'),
(934,'VANILLA DAY','A Fast-Paced Saga of a Girl And a Forensic Psychologist who must Redeem a Girl in Nigeria',2016,3,7,'4.99',122,'20.99','NC-17','Deleted Scenes,Behind the Scenes'),
(935,'VANISHED GARDEN','A Intrepid Character Study of a Squirrel And a A Shark who must Kill a Lumberjack in California',2016,3,5,'0.99',142,'17.99','R','Trailers,Commentaries,Deleted Scenes'),
(936,'VANISHING ROCKY','A Brilliant Reflection of a Man And a Woman who must Conquer a Pioneer in A MySQL Convention',2016,3,3,'2.99',123,'21.99','NC-17','Trailers,Commentaries,Behind the Scenes'),
(937,'VARSITY TRIP','A Action-Packed Character Study of a Astronaut And a Explorer who must Reach a Monkey in A MySQL Convention',2016,3,7,'2.99',85,'14.99','NC-17','Commentaries,Deleted Scenes'),
(938,'VELVET TERMINATOR','A Lacklusture Tale of a Pastry Chef And a Technical Writer who must Confront a Crocodile in An Abandoned Amusement Park',2016,3,3,'4.99',173,'14.99','R','Behind the Scenes'),
(939,'VERTIGO NORTHWEST','A Unbelieveable Display of a Mad Scientist And a Mad Scientist who must Outgun a Mad Cow in Ancient Japan',2016,3,4,'2.99',90,'17.99','R','Commentaries,Behind the Scenes'),
(940,'VICTORY ACADEMY','A Insightful Epistle of a Mad Scientist And a Explorer who must Challenge a Cat in The Sahara Desert',2016,3,6,'0.99',64,'19.99','PG-13','Trailers,Behind the Scenes'),
(941,'VIDEOTAPE ARSENIC','A Lacklusture Display of a Girl And a Astronaut who must Succumb a Student in Australia',2016,3,4,'4.99',145,'10.99','NC-17','Commentaries,Deleted Scenes,Behind the Scenes'),
(942,'VIETNAM SMOOCHY','A Lacklusture Display of a Butler And a Man who must Sink a Explorer in Soviet Georgia',2016,3,7,'0.99',174,'27.99','PG-13','Deleted Scenes,Behind the Scenes'),
(943,'VILLAIN DESPERATE','A Boring Yarn of a Pioneer And a Feminist who must Redeem a Cat in An Abandoned Amusement Park',2016,3,4,'4.99',76,'27.99','PG-13','Trailers,Commentaries'),
(944,'VIRGIN DAISY','A Awe-Inspiring Documentary of a Robot And a Mad Scientist who must Reach a Database Administrator in A Shark Tank',2016,3,6,'4.99',179,'29.99','PG-13','Trailers,Behind the Scenes'),
(945,'VIRGINIAN PLUTO','A Emotional Panorama of a Dentist And a Crocodile who must Meet a Boy in Berlin',2016,3,5,'0.99',164,'22.99','R','Deleted Scenes'),
(946,'VIRTUAL SPOILERS','A Fateful Tale of a Database Administrator And a Squirrel who must Discover a Student in Soviet Georgia',2016,3,3,'4.99',144,'14.99','NC-17','Commentaries,Deleted Scenes'),
(947,'VISION TORQUE','A Thoughtful Documentary of a Dog And a Man who must Sink a Man in A Shark Tank',2016,3,5,'0.99',59,'16.99','PG-13','Commentaries,Deleted Scenes'),
(948,'VOICE PEACH','A Amazing Panorama of a Pioneer And a Student who must Overcome a Mad Scientist in A Manhattan Penthouse',2016,3,6,'0.99',139,'22.99','PG-13','Commentaries,Behind the Scenes'),
(949,'VOLCANO TEXAS','A Awe-Inspiring Yarn of a Hunter And a Feminist who must Challenge a Dentist in The Outback',2016,3,6,'0.99',157,'27.99','NC-17','Trailers,Commentaries,Deleted Scenes,Behind the Scenes'),
(950,'VOLUME HOUSE','A Boring Tale of a Dog And a Woman who must Meet a Dentist in California',2016,3,7,'4.99',132,'12.99','PG','Commentaries'),
(951,'VOYAGE LEGALLY','A Epic Tale of a Squirrel And a Hunter who must Conquer a Boy in An Abandoned Mine Shaft',2016,3,6,'0.99',78,'28.99','PG-13','Commentaries,Behind the Scenes'),
(952,'WAGON JAWS','A Intrepid Drama of a Moose And a Boat who must Kill a Explorer in A Manhattan Penthouse',2016,3,7,'2.99',152,'17.99','PG','Deleted Scenes,Behind the Scenes'),
(953,'WAIT CIDER','A Intrepid Epistle of a Woman And a Forensic Psychologist who must Succumb a Astronaut in A Manhattan Penthouse',2016,3,3,'0.99',112,'9.99','PG-13','Trailers'),
(954,'WAKE JAWS','A Beautiful Saga of a Feminist And a Composer who must Challenge a Moose in Berlin',2016,3,7,'4.99',73,'18.99','G','Trailers,Commentaries,Deleted Scenes,Behind the Scenes'),
(955,'WALLS ARTIST','A Insightful Panorama of a Teacher And a Teacher who must Overcome a Mad Cow in An Abandoned Fun House',2016,3,7,'4.99',135,'19.99','PG','Trailers,Behind the Scenes'),
(956,'WANDA CHAMBER','A Insightful Drama of a A Shark And a Pioneer who must Find a Womanizer in The Outback',2016,3,7,'4.99',107,'23.99','PG-13','Commentaries,Deleted Scenes,Behind the Scenes'),
(957,'WAR NOTTING','A Boring Drama of a Teacher And a Sumo Wrestler who must Challenge a Secret Agent in The Canadian Rockies',2016,3,7,'4.99',80,'26.99','G','Deleted Scenes,Behind the Scenes'),
(958,'WARDROBE PHANTOM','A Action-Packed Display of a Mad Cow And a Astronaut who must Kill a Car in Ancient India',2016,3,6,'2.99',178,'19.99','G','Trailers,Commentaries'),
(959,'WARLOCK WEREWOLF','A Astounding Yarn of a Pioneer And a Crocodile who must Defeat a A Shark in The Outback',2016,3,6,'2.99',83,'10.99','G','Commentaries,Behind the Scenes'),
(960,'WARS PLUTO','A Taut Reflection of a Teacher And a Database Administrator who must Chase a Madman in The Sahara Desert',2016,3,5,'2.99',128,'15.99','G','Commentaries,Behind the Scenes'),
(961,'WASH HEAVENLY','A Awe-Inspiring Reflection of a Cat And a Pioneer who must Escape a Hunter in Ancient China',2016,3,7,'4.99',161,'22.99','R','Commentaries'),
(962,'WASTELAND DIVINE','A Fanciful Story of a Database Administrator And a Womanizer who must Fight a Database Administrator in Ancient China',2016,3,7,'2.99',85,'18.99','PG','Trailers,Deleted Scenes,Behind the Scenes'),
(963,'WATCH TRACY','A Fast-Paced Yarn of a Dog And a Frisbee who must Conquer a Hunter in Nigeria',2016,3,5,'0.99',78,'12.99','PG','Trailers,Deleted Scenes,Behind the Scenes'),
(964,'WATERFRONT DELIVERANCE','A Unbelieveable Documentary of a Dentist And a Technical Writer who must Build a Womanizer in Nigeria',2016,3,4,'4.99',61,'17.99','G','Behind the Scenes'),
(965,'WATERSHIP FRONTIER','A Emotional Yarn of a Boat And a Crocodile who must Meet a Moose in Soviet Georgia',2016,3,6,'0.99',112,'28.99','G','Commentaries'),
(966,'WEDDING APOLLO','A Action-Packed Tale of a Student And a Waitress who must Conquer a Lumberjack in An Abandoned Mine Shaft',2016,3,3,'0.99',70,'14.99','PG','Trailers'),
(967,'WEEKEND PERSONAL','A Fast-Paced Documentary of a Car And a Butler who must Find a Frisbee in A Jet Boat',2016,3,5,'2.99',134,'26.99','R','Trailers,Commentaries,Deleted Scenes,Behind the Scenes'),
(968,'WEREWOLF LOLA','A Fanciful Story of a Man And a Sumo Wrestler who must Outrace a Student in A Monastery',2016,3,6,'4.99',79,'19.99','G','Trailers,Behind the Scenes'),
(969,'WEST LION','A Intrepid Drama of a Butler And a Lumberjack who must Challenge a Database Administrator in A Manhattan Penthouse',2016,3,4,'4.99',159,'29.99','G','Trailers'),
(970,'WESTWARD SEABISCUIT','A Lacklusture Tale of a Butler And a Husband who must Face a Boy in Ancient China',2016,3,7,'0.99',52,'11.99','NC-17','Commentaries,Deleted Scenes'),
(971,'WHALE BIKINI','A Intrepid Story of a Pastry Chef And a Database Administrator who must Kill a Feminist in A MySQL Convention',2013,3,4,'4.99',109,'11.99','PG-13','Commentaries,Deleted Scenes,Behind the Scenes'),
(972,'WHISPERER GIANT','A Intrepid Story of a Dentist And a Hunter who must Confront a Monkey in Ancient Japan',2013,3,4,'4.99',59,'24.99','PG-13','Trailers,Deleted Scenes'),
(973,'WIFE TURN','A Awe-Inspiring Epistle of a Teacher And a Feminist who must Confront a Pioneer in Ancient Japan',2013,1,3,'4.99',183,'27.99','NC-17','Deleted Scenes,Behind the Scenes'),
(974,'WILD APOLLO','A Beautiful Story of a Monkey And a Sumo Wrestler who must Conquer a A Shark in A MySQL Convention',2013,1,4,'0.99',181,'24.99','R','Trailers,Commentaries,Deleted Scenes,Behind the Scenes'),
(975,'WILLOW TRACY','A Brilliant Panorama of a Boat And a Astronaut who must Challenge a Teacher in A Manhattan Penthouse',2013,1,6,'2.99',137,'22.99','R','Trailers,Commentaries,Behind the Scenes'),
(976,'WIND PHANTOM','A Touching Saga of a Madman And a Forensic Psychologist who must Build a Sumo Wrestler in An Abandoned Mine Shaft',2013,1,6,'0.99',111,'12.99','R','Commentaries,Deleted Scenes'),
(977,'WINDOW SIDE','A Astounding Character Study of a Womanizer And a Hunter who must Escape a Robot in A Monastery',2013,1,3,'2.99',85,'25.99','R','Deleted Scenes,Behind the Scenes'),
(978,'WISDOM WORKER','A Unbelieveable Saga of a Forensic Psychologist And a Student who must Face a Squirrel in The First Manned Space Station',2013,1,3,'0.99',98,'12.99','R','Deleted Scenes,Behind the Scenes'),
(979,'WITCHES PANIC','A Awe-Inspiring Drama of a Secret Agent And a Hunter who must Fight a Moose in Nigeria',2013,1,6,'4.99',100,'10.99','NC-17','Commentaries,Behind the Scenes'),
(980,'WIZARD COLDBLOODED','A Lacklusture Display of a Robot And a Girl who must Defeat a Sumo Wrestler in A MySQL Convention',2013,1,4,'4.99',75,'12.99','PG','Commentaries,Deleted Scenes,Behind the Scenes'),
(981,'WOLVES DESIRE','A Fast-Paced Drama of a Squirrel And a Robot who must Succumb a Technical Writer in A Manhattan Penthouse',2013,1,7,'0.99',55,'13.99','NC-17','Behind the Scenes'),
(982,'WOMEN DORADO','A Insightful Documentary of a Waitress And a Butler who must Vanquish a Composer in Australia',2013,1,4,'0.99',126,'23.99','R','Deleted Scenes,Behind the Scenes'),
(983,'WON DARES','A Unbelieveable Documentary of a Teacher And a Monkey who must Defeat a Explorer in A U-Boat',2013,1,7,'2.99',105,'18.99','PG','Behind the Scenes'),
(984,'WONDERFUL DROP','A Boring Panorama of a Woman And a Madman who must Overcome a Butler in A U-Boat',2013,1,3,'2.99',126,'20.99','NC-17','Commentaries'),
(985,'WONDERLAND CHRISTMAS','A Awe-Inspiring Character Study of a Waitress And a Car who must Pursue a Mad Scientist in The First Manned Space Station',2013,1,4,'4.99',111,'19.99','PG','Commentaries'),
(986,'WONKA SEA','A Brilliant Saga of a Boat And a Mad Scientist who must Meet a Moose in Ancient India',2013,1,6,'2.99',85,'24.99','NC-17','Trailers,Commentaries'),
(987,'WORDS HUNTER','A Action-Packed Reflection of a Composer And a Mad Scientist who must Face a Pioneer in A MySQL Convention',2013,1,3,'2.99',116,'13.99','PG','Trailers,Commentaries,Deleted Scenes'),
(988,'WORKER TARZAN','A Action-Packed Yarn of a Secret Agent And a Technical Writer who must Battle a Sumo Wrestler in The First Manned Space Station',2013,1,7,'2.99',139,'26.99','R','Trailers,Commentaries,Behind the Scenes'),
(989,'WORKING MICROCOSMOS','A Stunning Epistle of a Dentist And a Dog who must Kill a Madman in Ancient China',2013,1,4,'4.99',74,'22.99','R','Commentaries,Deleted Scenes'),
(990,'WORLD LEATHERNECKS','A Unbelieveable Tale of a Pioneer And a Astronaut who must Overcome a Robot in An Abandoned Amusement Park',2013,1,3,'0.99',171,'13.99','PG-13','Trailers,Behind the Scenes'),
(991,'WORST BANGER','A Thrilling Drama of a Madman And a Dentist who must Conquer a Boy in The Outback',2013,1,4,'2.99',185,'26.99','PG','Deleted Scenes,Behind the Scenes'),
(992,'WRATH MILE','A Intrepid Reflection of a Technical Writer And a Hunter who must Defeat a Sumo Wrestler in A Monastery',2013,1,5,'0.99',176,'17.99','NC-17','Trailers,Commentaries'),
(993,'WRONG BEHAVIOR','A Emotional Saga of a Crocodile And a Sumo Wrestler who must Discover a Mad Cow in New Orleans',2013,6,6,'2.99',178,'10.99','PG-13','Trailers,Behind the Scenes'),
(994,'WYOMING STORM','A Awe-Inspiring Panorama of a Robot And a Boat who must Overcome a Feminist in A U-Boat',2013,6,6,'4.99',100,'29.99','PG-13','Deleted Scenes'),
(995,'YENTL IDAHO','A Amazing Display of a Robot And a Astronaut who must Fight a Womanizer in Berlin',2013,6,5,'4.99',86,'11.99','R','Trailers,Commentaries,Deleted Scenes'),
(996,'YOUNG LANGUAGE','A Unbelieveable Yarn of a Boat And a Database Administrator who must Meet a Boy in The First Manned Space Station',2013,6,6,'0.99',183,'9.99','G','Trailers,Behind the Scenes'),
(997,'YOUTH KICK','A Touching Drama of a Teacher And a Cat who must Challenge a Technical Writer in A U-Boat',2013,6,4,'0.99',179,'14.99','NC-17','Trailers,Behind the Scenes'),
(998,'ZHIVAGO CORE','A Fateful Yarn of a Composer And a Man who must Face a Boy in The Canadian Rockies',2013,6,6,'0.99',105,'10.99','NC-17','Deleted Scenes'),
(999,'ZOOLANDER FICTION','A Fateful Reflection of a Waitress And a Boat who must Discover a Sumo Wrestler in Ancient China',2013,6,5,'2.99',101,'28.99','R','Trailers,Deleted Scenes'),
(1000,'ZORRO ARK','A Intrepid Panorama of a Mad Scientist And a Boy who must Redeem a Boy in A Monastery',2013,6,3,'4.99',50,'18.99','NC-17','Trailers,Commentaries,Behind the Scenes');
COMMIT;

SET AUTOCOMMIT=0;
INSERT INTO FILME_ATOR VALUES (1,1),
(1,23),
(1,25),
(1,106),
(1,140),
(1,166),
(1,277),
(1,361),
(1,438),
(1,499),
(1,506),
(1,509),
(1,605),
(1,635),
(1,749),
(1,832),
(1,939),
(1,970),
(1,980),
(2,3),
(2,31),
(2,47),
(2,105),
(2,132),
(2,145),
(2,226),
(2,249),
(2,314),
(2,321),
(2,357),
(2,369),
(2,399),
(2,458),
(2,481),
(2,485),
(2,518),
(2,540),
(2,550),
(2,555),
(2,561),
(2,742),
(2,754),
(2,811),
(2,958),
(3,17),
(3,40),
(3,42),
(3,87),
(3,111),
(3,185),
(3,289),
(3,329),
(3,336),
(3,341),
(3,393),
(3,441),
(3,453),
(3,480),
(3,539),
(3,618),
(3,685),
(3,827),
(3,966),
(3,967),
(3,971),
(3,996),
(4,23),
(4,25),
(4,56),
(4,62),
(4,79),
(4,87),
(4,355),
(4,379),
(4,398),
(4,463),
(4,490),
(4,616),
(4,635),
(4,691),
(4,712),
(4,714),
(4,721),
(4,798),
(4,832),
(4,858),
(4,909),
(4,924),
(5,19),
(5,54),
(5,85),
(5,146),
(5,171),
(5,172),
(5,202),
(5,203),
(5,286),
(5,288),
(5,316),
(5,340),
(5,369),
(5,375),
(5,383),
(5,392),
(5,411),
(5,503),
(5,535),
(5,571),
(5,650),
(5,665),
(5,687),
(5,730),
(5,732),
(5,811),
(5,817),
(5,841),
(5,865),
(6,29),
(6,53),
(6,60),
(6,70),
(6,112),
(6,164),
(6,165),
(6,193),
(6,256),
(6,451),
(6,503),
(6,509),
(6,517),
(6,519),
(6,605),
(6,692),
(6,826),
(6,892),
(6,902),
(6,994),
(7,25),
(7,27),
(7,35),
(7,67),
(7,96),
(7,170),
(7,173),
(7,217),
(7,218),
(7,225),
(7,292),
(7,351),
(7,414),
(7,463),
(7,554),
(7,618),
(7,633),
(7,637),
(7,691),
(7,758),
(7,766),
(7,770),
(7,805),
(7,806),
(7,846),
(7,900),
(7,901),
(7,910),
(7,957),
(7,959),
(8,47),
(8,115),
(8,158),
(8,179),
(8,195),
(8,205),
(8,255),
(8,263),
(8,321),
(8,396),
(8,458),
(8,523),
(8,532),
(8,554),
(8,752),
(8,769),
(8,771),
(8,859),
(8,895),
(8,936),
(9,30),
(9,74),
(9,147),
(9,148),
(9,191),
(9,200),
(9,204),
(9,434),
(9,510),
(9,514),
(9,552),
(9,650),
(9,671),
(9,697),
(9,722),
(9,752),
(9,811),
(9,815),
(9,865),
(9,873),
(9,889),
(9,903),
(9,926),
(9,964),
(9,974),
(10,1),
(10,9),
(10,191),
(10,236),
(10,251),
(10,366),
(10,477),
(10,480),
(10,522),
(10,530),
(10,587),
(10,694),
(10,703),
(10,716),
(10,782),
(10,914),
(10,929),
(10,930),
(10,964),
(10,966),
(10,980),
(10,983),
(11,118),
(11,205),
(11,281),
(11,283),
(11,348),
(11,364),
(11,395),
(11,429),
(11,433),
(11,453),
(11,485),
(11,532),
(11,567),
(11,587),
(11,597),
(11,636),
(11,709),
(11,850),
(11,854),
(11,888),
(11,896),
(11,928),
(11,938),
(11,969),
(11,988),
(12,16),
(12,17),
(12,34),
(12,37),
(12,91),
(12,92),
(12,107),
(12,155),
(12,177),
(12,208),
(12,213),
(12,216),
(12,243),
(12,344),
(12,400),
(12,416),
(12,420),
(12,457),
(12,513),
(12,540),
(12,593),
(12,631),
(12,635),
(12,672),
(12,716),
(12,728),
(12,812),
(12,838),
(12,871),
(12,880),
(12,945),
(13,17),
(13,29),
(13,45),
(13,87),
(13,110),
(13,144),
(13,154),
(13,162),
(13,203),
(13,254),
(13,337),
(13,346),
(13,381),
(13,385),
(13,427),
(13,456),
(13,513),
(13,515),
(13,522),
(13,524),
(13,528),
(13,571),
(13,588),
(13,597),
(13,600),
(13,718),
(13,729),
(13,816),
(13,817),
(13,832),
(13,833),
(13,843),
(13,897),
(13,966),
(13,998),
(14,154),
(14,187),
(14,232),
(14,241),
(14,253),
(14,255),
(14,258),
(14,284),
(14,292),
(14,370),
(14,415),
(14,417),
(14,418),
(14,454),
(14,472),
(14,475),
(14,495),
(14,536),
(14,537),
(14,612),
(14,688),
(14,759),
(14,764),
(14,847),
(14,856),
(14,890),
(14,908),
(14,919),
(14,948),
(14,970),
(15,31),
(15,89),
(15,91),
(15,108),
(15,125),
(15,236),
(15,275),
(15,280),
(15,326),
(15,342),
(15,414),
(15,445),
(15,500),
(15,502),
(15,541),
(15,553),
(15,594),
(15,626),
(15,635),
(15,745),
(15,783),
(15,795),
(15,817),
(15,886),
(15,924),
(15,949),
(15,968),
(15,985),
(16,80),
(16,87),
(16,101),
(16,121),
(16,155),
(16,177),
(16,218),
(16,221),
(16,267),
(16,269),
(16,271),
(16,280),
(16,287),
(16,345),
(16,438),
(16,453),
(16,455),
(16,456),
(16,503),
(16,548),
(16,582),
(16,583),
(16,717),
(16,758),
(16,779),
(16,886),
(16,967),
(17,96),
(17,119),
(17,124),
(17,127),
(17,154),
(17,199),
(17,201),
(17,236),
(17,280),
(17,310),
(17,313),
(17,378),
(17,457),
(17,469),
(17,478),
(17,500),
(17,515),
(17,521),
(17,573),
(17,603),
(17,606),
(17,734),
(17,770),
(17,794),
(17,800),
(17,853),
(17,873),
(17,874),
(17,880),
(17,948),
(17,957),
(17,959),
(18,44),
(18,84),
(18,144),
(18,172),
(18,268),
(18,279),
(18,280),
(18,321),
(18,386),
(18,460),
(18,462),
(18,484),
(18,536),
(18,561),
(18,612),
(18,717),
(18,808),
(18,842),
(18,863),
(18,883),
(18,917),
(18,944),
(19,2),
(19,3),
(19,144),
(19,152),
(19,182),
(19,208),
(19,212),
(19,217),
(19,266),
(19,404),
(19,428),
(19,473),
(19,490),
(19,510),
(19,513),
(19,644),
(19,670),
(19,673),
(19,711),
(19,750),
(19,752),
(19,756),
(19,771),
(19,785),
(19,877),
(20,1),
(20,54),
(20,63),
(20,140),
(20,146),
(20,165),
(20,231),
(20,243),
(20,269),
(20,274),
(20,348),
(20,366),
(20,445),
(20,478),
(20,492),
(20,499),
(20,527),
(20,531),
(20,538),
(20,589),
(20,643),
(20,652),
(20,663),
(20,714),
(20,717),
(20,757),
(20,784),
(20,863),
(20,962),
(20,977),
(21,6),
(21,87),
(21,88),
(21,142),
(21,159),
(21,179),
(21,253),
(21,281),
(21,321),
(21,398),
(21,426),
(21,429),
(21,497),
(21,507),
(21,530),
(21,680),
(21,686),
(21,700),
(21,702),
(21,733),
(21,734),
(21,798),
(21,804),
(21,887),
(21,893),
(21,920),
(21,983),
(22,9),
(22,23),
(22,56),
(22,89),
(22,111),
(22,146),
(22,291),
(22,294),
(22,349),
(22,369),
(22,418),
(22,430),
(22,483),
(22,491),
(22,495),
(22,536),
(22,600),
(22,634),
(22,648),
(22,688),
(22,731),
(22,742),
(22,775),
(22,802),
(22,912),
(22,964),
(23,6),
(23,42),
(23,78),
(23,105),
(23,116),
(23,117),
(23,125),
(23,212),
(23,226),
(23,235),
(23,254),
(23,367),
(23,370),
(23,414),
(23,419),
(23,435),
(23,449),
(23,491),
(23,536),
(23,549),
(23,636),
(23,649),
(23,673),
(23,691),
(23,766),
(23,782),
(23,804),
(23,820),
(23,826),
(23,833),
(23,842),
(23,853),
(23,855),
(23,856),
(23,935),
(23,981),
(23,997),
(24,3),
(24,83),
(24,112),
(24,126),
(24,148),
(24,164),
(24,178),
(24,194),
(24,199),
(24,242),
(24,256),
(24,277),
(24,335),
(24,405),
(24,463),
(24,515),
(24,585),
(24,603),
(24,653),
(24,704),
(24,781),
(24,829),
(24,832),
(24,969),
(25,21),
(25,86),
(25,153),
(25,179),
(25,204),
(25,213),
(25,226),
(25,245),
(25,311),
(25,404),
(25,411),
(25,420),
(25,538),
(25,564),
(25,583),
(25,606),
(25,688),
(25,697),
(25,755),
(25,871),
(25,914),
(26,9),
(26,21),
(26,34),
(26,90),
(26,93),
(26,103),
(26,147),
(26,186),
(26,201),
(26,225),
(26,241),
(26,327),
(26,329),
(26,340),
(26,345),
(26,390),
(26,392),
(26,529),
(26,544),
(26,564),
(26,635),
(26,644),
(26,682),
(26,688),
(26,715),
(26,732),
(26,758),
(26,764),
(26,795),
(26,821),
(26,885),
(26,904),
(26,906),
(27,19),
(27,34),
(27,85),
(27,150),
(27,172),
(27,273),
(27,334),
(27,347),
(27,359),
(27,398),
(27,415),
(27,462),
(27,477),
(27,500),
(27,503),
(27,540),
(27,586),
(27,593),
(27,637),
(27,679),
(27,682),
(27,695),
(27,771),
(27,805),
(27,830),
(27,854),
(27,873),
(27,880),
(27,889),
(27,904),
(27,967),
(27,986),
(27,996),
(28,14),
(28,43),
(28,58),
(28,74),
(28,96),
(28,107),
(28,259),
(28,263),
(28,287),
(28,358),
(28,502),
(28,508),
(28,532),
(28,551),
(28,574),
(28,597),
(28,619),
(28,625),
(28,652),
(28,679),
(28,743),
(28,790),
(28,793),
(28,816),
(28,827),
(28,835),
(28,879),
(28,908),
(28,953),
(28,973),
(28,994),
(29,10),
(29,79),
(29,105),
(29,110),
(29,131),
(29,133),
(29,172),
(29,226),
(29,273),
(29,282),
(29,296),
(29,311),
(29,335),
(29,342),
(29,436),
(29,444),
(29,449),
(29,462),
(29,482),
(29,488),
(29,519),
(29,547),
(29,590),
(29,646),
(29,723),
(29,812),
(29,862),
(29,928),
(29,944),
(30,1),
(30,53),
(30,64),
(30,69),
(30,77),
(30,87),
(30,260),
(30,262),
(30,286),
(30,292),
(30,301),
(30,318),
(30,321),
(30,357),
(30,565),
(30,732),
(30,797),
(30,838),
(30,945),
(31,88),
(31,146),
(31,163),
(31,164),
(31,188),
(31,299),
(31,308),
(31,368),
(31,380),
(31,431),
(31,585),
(31,637),
(31,700),
(31,739),
(31,793),
(31,802),
(31,880),
(31,978),
(32,65),
(32,84),
(32,103),
(32,112),
(32,136),
(32,197),
(32,199),
(32,219),
(32,309),
(32,312),
(32,401),
(32,427),
(32,431),
(32,523),
(32,567),
(32,585),
(32,606),
(32,651),
(32,667),
(32,669),
(32,815),
(32,928),
(32,980),
(33,56),
(33,112),
(33,135),
(33,154),
(33,214),
(33,252),
(33,305),
(33,306),
(33,473),
(33,489),
(33,574),
(33,618),
(33,667),
(33,694),
(33,712),
(33,735),
(33,737),
(33,754),
(33,775),
(33,878),
(33,881),
(33,965),
(33,972),
(33,993),
(34,43),
(34,90),
(34,119),
(34,125),
(34,172),
(34,182),
(34,244),
(34,336),
(34,389),
(34,393),
(34,438),
(34,493),
(34,502),
(34,525),
(34,668),
(34,720),
(34,779),
(34,788),
(34,794),
(34,836),
(34,846),
(34,853),
(34,929),
(34,950),
(34,971),
(35,10),
(35,35),
(35,52),
(35,201),
(35,256),
(35,389),
(35,589),
(35,612),
(35,615),
(35,707),
(35,732),
(35,738),
(35,748),
(35,817),
(35,914),
(36,15),
(36,81),
(36,171),
(36,231),
(36,245),
(36,283),
(36,380),
(36,381),
(36,387),
(36,390),
(36,410),
(36,426),
(36,427),
(36,453),
(36,466),
(36,484),
(36,493),
(36,499),
(36,569),
(36,590),
(36,600),
(36,714),
(36,715),
(36,716),
(36,731),
(36,875),
(36,915),
(36,931),
(36,956),
(37,10),
(37,12),
(37,19),
(37,118),
(37,119),
(37,122),
(37,146),
(37,204),
(37,253),
(37,260),
(37,277),
(37,317),
(37,467),
(37,477),
(37,485),
(37,508),
(37,529),
(37,553),
(37,555),
(37,572),
(37,588),
(37,662),
(37,663),
(37,694),
(37,697),
(37,785),
(37,839),
(37,840),
(37,853),
(37,900),
(37,925),
(37,963),
(37,966),
(37,989),
(37,997),
(38,24),
(38,111),
(38,160),
(38,176),
(38,223),
(38,241),
(38,274),
(38,335),
(38,338),
(38,353),
(38,448),
(38,450),
(38,458),
(38,501),
(38,516),
(38,547),
(38,583),
(38,618),
(38,619),
(38,705),
(38,793),
(38,827),
(38,839),
(38,853),
(38,876),
(39,71),
(39,73),
(39,168),
(39,203),
(39,222),
(39,290),
(39,293),
(39,320),
(39,415),
(39,425),
(39,431),
(39,456),
(39,476),
(39,559),
(39,587),
(39,598),
(39,606),
(39,648),
(39,683),
(39,689),
(39,696),
(39,700),
(39,703),
(39,736),
(39,772),
(39,815),
(39,831),
(39,920),
(40,1),
(40,11),
(40,34),
(40,107),
(40,128),
(40,163),
(40,177),
(40,223),
(40,233),
(40,326),
(40,374),
(40,394),
(40,396),
(40,463),
(40,466),
(40,494),
(40,521),
(40,723),
(40,737),
(40,744),
(40,747),
(40,754),
(40,799),
(40,835),
(40,868),
(40,869),
(40,887),
(40,933),
(40,938),
(41,4),
(41,60),
(41,69),
(41,86),
(41,100),
(41,150),
(41,159),
(41,194),
(41,203),
(41,212),
(41,230),
(41,249),
(41,252),
(41,305),
(41,336),
(41,383),
(41,544),
(41,596),
(41,657),
(41,674),
(41,678),
(41,721),
(41,724),
(41,779),
(41,784),
(41,799),
(41,894),
(41,912),
(41,942),
(42,24),
(42,139),
(42,309),
(42,320),
(42,333),
(42,500),
(42,502),
(42,505),
(42,527),
(42,535),
(42,546),
(42,568),
(42,648),
(42,665),
(42,673),
(42,687),
(42,713),
(42,738),
(42,798),
(42,861),
(42,865),
(42,867),
(42,876),
(42,890),
(42,907),
(42,922),
(42,932),
(43,19),
(43,42),
(43,56),
(43,89),
(43,105),
(43,147),
(43,161),
(43,180),
(43,239),
(43,276),
(43,330),
(43,344),
(43,359),
(43,377),
(43,410),
(43,462),
(43,533),
(43,598),
(43,605),
(43,608),
(43,621),
(43,753),
(43,827),
(43,833),
(43,917),
(43,958),
(44,58),
(44,84),
(44,88),
(44,94),
(44,109),
(44,176),
(44,242),
(44,273),
(44,322),
(44,420),
(44,434),
(44,490),
(44,591),
(44,598),
(44,604),
(44,699),
(44,751),
(44,784),
(44,825),
(44,854),
(44,875),
(44,878),
(44,883),
(44,896),
(44,902),
(44,937),
(44,944),
(44,952),
(44,982),
(44,998),
(45,18),
(45,65),
(45,66),
(45,115),
(45,117),
(45,164),
(45,187),
(45,198),
(45,219),
(45,330),
(45,407),
(45,416),
(45,463),
(45,467),
(45,484),
(45,502),
(45,503),
(45,508),
(45,537),
(45,680),
(45,714),
(45,767),
(45,778),
(45,797),
(45,810),
(45,895),
(45,900),
(45,901),
(45,920),
(45,925),
(45,975),
(45,978),
(46,38),
(46,51),
(46,174),
(46,254),
(46,296),
(46,319),
(46,407),
(46,448),
(46,456),
(46,463),
(46,478),
(46,538),
(46,540),
(46,567),
(46,731),
(46,766),
(46,768),
(46,820),
(46,829),
(46,830),
(46,836),
(46,889),
(46,980),
(46,991),
(47,25),
(47,36),
(47,53),
(47,67),
(47,172),
(47,233),
(47,273),
(47,351),
(47,385),
(47,484),
(47,508),
(47,576),
(47,670),
(47,734),
(47,737),
(47,770),
(47,777),
(47,787),
(47,790),
(47,913),
(47,923),
(47,924),
(47,944),
(47,973),
(48,99),
(48,101),
(48,134),
(48,150),
(48,164),
(48,211),
(48,245),
(48,267),
(48,287),
(48,295),
(48,312),
(48,315),
(48,345),
(48,349),
(48,428),
(48,506),
(48,545),
(48,559),
(48,570),
(48,599),
(48,645),
(48,705),
(48,757),
(48,792),
(48,922),
(48,926),
(49,31),
(49,151),
(49,195),
(49,207),
(49,250),
(49,282),
(49,348),
(49,391),
(49,400),
(49,407),
(49,423),
(49,433),
(49,469),
(49,506),
(49,542),
(49,558),
(49,579),
(49,595),
(49,662),
(49,709),
(49,716),
(49,725),
(49,729),
(49,811),
(49,927),
(49,977),
(49,980),
(50,111),
(50,178),
(50,243),
(50,248),
(50,274),
(50,288),
(50,303),
(50,306),
(50,327),
(50,372),
(50,401),
(50,417),
(50,420),
(50,437),
(50,476),
(50,504),
(50,520),
(50,552),
(50,591),
(50,621),
(50,632),
(50,645),
(50,672),
(50,717),
(50,732),
(50,795),
(50,829),
(50,840),
(50,897),
(50,918),
(50,924),
(50,957),
(51,5),
(51,63),
(51,103),
(51,112),
(51,121),
(51,153),
(51,395),
(51,408),
(51,420),
(51,461),
(51,490),
(51,525),
(51,627),
(51,678),
(51,733),
(51,734),
(51,737),
(51,750),
(51,847),
(51,891),
(51,895),
(51,940),
(51,974),
(51,990),
(51,993),
(52,20),
(52,92),
(52,96),
(52,108),
(52,203),
(52,249),
(52,341),
(52,376),
(52,388),
(52,407),
(52,424),
(52,474),
(52,515),
(52,517),
(52,584),
(52,596),
(52,664),
(52,675),
(52,689),
(52,714),
(52,812),
(52,878),
(52,879),
(52,915),
(52,951),
(52,999),
(53,1),
(53,9),
(53,51),
(53,58),
(53,109),
(53,122),
(53,126),
(53,181),
(53,256),
(53,268),
(53,285),
(53,307),
(53,358),
(53,386),
(53,447),
(53,465),
(53,490),
(53,492),
(53,508),
(53,518),
(53,573),
(53,576),
(53,577),
(53,697),
(53,725),
(53,727),
(53,937),
(53,947),
(53,961),
(53,980),
(54,84),
(54,129),
(54,150),
(54,184),
(54,285),
(54,292),
(54,301),
(54,348),
(54,489),
(54,510),
(54,524),
(54,546),
(54,600),
(54,636),
(54,649),
(54,658),
(54,754),
(54,764),
(54,842),
(54,858),
(54,861),
(54,913),
(54,970),
(54,988),
(54,990),
(55,8),
(55,27),
(55,75),
(55,197),
(55,307),
(55,320),
(55,340),
(55,403),
(55,485),
(55,486),
(55,603),
(55,612),
(55,620),
(55,709),
(55,776),
(55,790),
(55,815),
(55,827),
(55,930),
(55,963),
(56,63),
(56,87),
(56,226),
(56,236),
(56,298),
(56,307),
(56,354),
(56,383),
(56,417),
(56,421),
(56,457),
(56,462),
(56,474),
(56,521),
(56,593),
(56,728),
(56,750),
(56,769),
(56,781),
(56,795),
(56,844),
(56,851),
(56,862),
(56,868),
(56,892),
(56,893),
(56,936),
(56,965),
(57,16),
(57,34),
(57,101),
(57,114),
(57,122),
(57,134),
(57,144),
(57,153),
(57,192),
(57,213),
(57,258),
(57,267),
(57,317),
(57,340),
(57,393),
(57,437),
(57,447),
(57,502),
(57,592),
(57,605),
(57,637),
(57,685),
(57,707),
(57,714),
(57,717),
(57,737),
(57,767),
(57,852),
(57,891),
(57,918),
(58,48),
(58,68),
(58,119),
(58,128),
(58,135),
(58,175),
(58,199),
(58,235),
(58,242),
(58,243),
(58,254),
(58,306),
(58,316),
(58,417),
(58,426),
(58,460),
(58,477),
(58,541),
(58,549),
(58,551),
(58,553),
(58,578),
(58,602),
(58,632),
(58,635),
(58,638),
(58,698),
(58,726),
(58,755),
(58,800),
(58,856),
(58,858),
(59,5),
(59,46),
(59,54),
(59,72),
(59,88),
(59,121),
(59,129),
(59,130),
(59,183),
(59,210),
(59,241),
(59,295),
(59,418),
(59,572),
(59,644),
(59,650),
(59,689),
(59,694),
(59,702),
(59,713),
(59,749),
(59,772),
(59,853),
(59,862),
(59,943),
(59,946),
(59,984),
(60,31),
(60,85),
(60,133),
(60,142),
(60,177),
(60,179),
(60,186),
(60,222),
(60,235),
(60,239),
(60,253),
(60,262),
(60,297),
(60,299),
(60,334),
(60,376),
(60,423),
(60,436),
(60,493),
(60,534),
(60,551),
(60,658),
(60,665),
(60,679),
(60,754),
(60,771),
(60,783),
(60,784),
(60,805),
(60,830),
(60,835),
(60,928),
(60,952),
(60,971),
(60,986),
(61,235),
(61,237),
(61,307),
(61,362),
(61,372),
(61,374),
(61,423),
(61,433),
(61,508),
(61,518),
(61,519),
(61,535),
(61,537),
(61,585),
(61,639),
(61,648),
(61,649),
(61,703),
(61,752),
(61,766),
(61,767),
(61,780),
(61,831),
(61,832),
(61,990),
(62,6),
(62,42),
(62,54),
(62,100),
(62,101),
(62,129),
(62,198),
(62,211),
(62,231),
(62,272),
(62,295),
(62,337),
(62,375),
(62,385),
(62,393),
(62,398),
(62,406),
(62,413),
(62,428),
(62,445),
(62,457),
(62,465),
(62,688),
(62,707),
(62,719),
(62,951),
(62,981),
(62,988),
(62,990),
(63,73),
(63,134),
(63,167),
(63,208),
(63,225),
(63,248),
(63,249),
(63,278),
(63,392),
(63,517),
(63,633),
(63,763),
(63,781),
(63,809),
(63,893),
(63,932),
(63,944),
(63,945),
(63,981),
(64,3),
(64,10),
(64,37),
(64,87),
(64,88),
(64,124),
(64,197),
(64,280),
(64,291),
(64,307),
(64,335),
(64,345),
(64,448),
(64,469),
(64,471),
(64,506),
(64,543),
(64,557),
(64,569),
(64,572),
(64,597),
(64,616),
(64,646),
(64,694),
(64,832),
(64,852),
(64,860),
(64,921),
(64,925),
(64,980),
(65,39),
(65,46),
(65,97),
(65,106),
(65,117),
(65,125),
(65,158),
(65,276),
(65,305),
(65,338),
(65,347),
(65,371),
(65,398),
(65,471),
(65,475),
(65,476),
(65,491),
(65,496),
(65,516),
(65,517),
(65,541),
(65,556),
(65,571),
(65,577),
(65,615),
(65,658),
(65,683),
(65,694),
(65,714),
(65,735),
(65,852),
(65,938),
(65,951),
(65,965),
(66,55),
(66,143),
(66,207),
(66,226),
(66,229),
(66,230),
(66,283),
(66,300),
(66,342),
(66,350),
(66,361),
(66,376),
(66,424),
(66,434),
(66,553),
(66,608),
(66,676),
(66,697),
(66,706),
(66,725),
(66,769),
(66,793),
(66,829),
(66,871),
(66,909),
(66,915),
(66,928),
(66,951),
(66,957),
(66,960),
(66,999),
(67,24),
(67,57),
(67,67),
(67,144),
(67,242),
(67,244),
(67,256),
(67,408),
(67,477),
(67,496),
(67,512),
(67,576),
(67,601),
(67,725),
(67,726),
(67,731),
(67,766),
(67,861),
(67,870),
(67,915),
(67,945),
(67,972),
(67,981),
(68,9),
(68,45),
(68,133),
(68,161),
(68,205),
(68,213),
(68,215),
(68,255),
(68,296),
(68,315),
(68,325),
(68,331),
(68,347),
(68,357),
(68,378),
(68,380),
(68,386),
(68,396),
(68,435),
(68,497),
(68,607),
(68,654),
(68,665),
(68,671),
(68,706),
(68,747),
(68,834),
(68,839),
(68,840),
(68,971),
(69,15),
(69,88),
(69,111),
(69,202),
(69,236),
(69,292),
(69,300),
(69,306),
(69,374),
(69,396),
(69,452),
(69,466),
(69,529),
(69,612),
(69,720),
(69,722),
(69,761),
(69,791),
(69,864),
(69,877),
(69,914),
(70,50),
(70,53),
(70,92),
(70,202),
(70,227),
(70,249),
(70,290),
(70,304),
(70,343),
(70,414),
(70,453),
(70,466),
(70,504),
(70,584),
(70,628),
(70,654),
(70,725),
(70,823),
(70,834),
(70,856),
(70,869),
(70,953),
(70,964),
(71,26),
(71,52),
(71,233),
(71,317),
(71,359),
(71,362),
(71,385),
(71,399),
(71,450),
(71,532),
(71,560),
(71,574),
(71,638),
(71,773),
(71,833),
(71,874),
(71,918),
(71,956),
(72,34),
(72,144),
(72,237),
(72,249),
(72,286),
(72,296),
(72,325),
(72,331),
(72,405),
(72,450),
(72,550),
(72,609),
(72,623),
(72,636),
(72,640),
(72,665),
(72,718),
(72,743),
(72,757),
(72,773),
(72,854),
(72,865),
(72,938),
(72,956),
(72,964),
(72,969),
(73,36),
(73,45),
(73,51),
(73,77),
(73,148),
(73,245),
(73,275),
(73,322),
(73,374),
(73,379),
(73,467),
(73,548),
(73,561),
(73,562),
(73,565),
(73,627),
(73,666),
(73,667),
(73,707),
(73,748),
(73,772),
(73,823),
(73,936),
(73,946),
(73,950),
(73,998),
(74,28),
(74,44),
(74,117),
(74,185),
(74,192),
(74,203),
(74,263),
(74,321),
(74,415),
(74,484),
(74,503),
(74,537),
(74,543),
(74,617),
(74,626),
(74,637),
(74,663),
(74,704),
(74,720),
(74,747),
(74,780),
(74,804),
(74,834),
(74,836),
(74,848),
(74,872),
(74,902),
(74,956),
(75,12),
(75,34),
(75,143),
(75,170),
(75,222),
(75,301),
(75,347),
(75,372),
(75,436),
(75,445),
(75,446),
(75,492),
(75,498),
(75,508),
(75,541),
(75,547),
(75,579),
(75,645),
(75,667),
(75,744),
(75,764),
(75,780),
(75,870),
(75,920),
(76,60),
(76,66),
(76,68),
(76,95),
(76,122),
(76,187),
(76,223),
(76,234),
(76,251),
(76,348),
(76,444),
(76,464),
(76,474),
(76,498),
(76,568),
(76,604),
(76,606),
(76,642),
(76,648),
(76,650),
(76,709),
(76,760),
(76,765),
(76,781),
(76,850),
(76,862),
(76,866),
(76,870),
(76,912),
(76,935),
(76,958),
(77,13),
(77,22),
(77,40),
(77,73),
(77,78),
(77,153),
(77,224),
(77,240),
(77,245),
(77,261),
(77,343),
(77,442),
(77,458),
(77,538),
(77,566),
(77,612),
(77,635),
(77,694),
(77,749),
(77,938),
(77,943),
(77,963),
(77,969),
(77,993),
(78,86),
(78,239),
(78,260),
(78,261),
(78,265),
(78,301),
(78,387),
(78,393),
(78,428),
(78,457),
(78,505),
(78,520),
(78,530),
(78,549),
(78,552),
(78,599),
(78,670),
(78,674),
(78,689),
(78,762),
(78,767),
(78,811),
(78,852),
(78,880),
(78,963),
(78,968),
(79,32),
(79,33),
(79,40),
(79,141),
(79,205),
(79,230),
(79,242),
(79,262),
(79,267),
(79,269),
(79,299),
(79,367),
(79,428),
(79,430),
(79,473),
(79,607),
(79,628),
(79,634),
(79,646),
(79,727),
(79,750),
(79,753),
(79,769),
(79,776),
(79,788),
(79,840),
(79,853),
(79,916),
(80,69),
(80,118),
(80,124),
(80,175),
(80,207),
(80,212),
(80,260),
(80,262),
(80,280),
(80,341),
(80,342),
(80,343),
(80,362),
(80,436),
(80,475),
(80,553),
(80,619),
(80,622),
(80,680),
(80,687),
(80,688),
(80,709),
(80,788),
(80,807),
(80,858),
(80,888),
(80,941),
(80,979),
(81,4),
(81,11),
(81,59),
(81,89),
(81,178),
(81,186),
(81,194),
(81,215),
(81,219),
(81,232),
(81,260),
(81,267),
(81,268),
(81,304),
(81,332),
(81,389),
(81,398),
(81,453),
(81,458),
(81,465),
(81,505),
(81,508),
(81,527),
(81,545),
(81,564),
(81,578),
(81,579),
(81,613),
(81,619),
(81,643),
(81,692),
(81,710),
(81,729),
(81,761),
(81,827),
(81,910),
(82,17),
(82,33),
(82,104),
(82,143),
(82,188),
(82,242),
(82,247),
(82,290),
(82,306),
(82,316),
(82,344),
(82,453),
(82,468),
(82,480),
(82,497),
(82,503),
(82,527),
(82,551),
(82,561),
(82,750),
(82,787),
(82,802),
(82,838),
(82,839),
(82,870),
(82,877),
(82,893),
(82,911),
(82,954),
(82,978),
(82,985),
(83,49),
(83,52),
(83,58),
(83,110),
(83,120),
(83,121),
(83,135),
(83,165),
(83,217),
(83,247),
(83,249),
(83,263),
(83,268),
(83,279),
(83,281),
(83,339),
(83,340),
(83,369),
(83,412),
(83,519),
(83,529),
(83,615),
(83,631),
(83,655),
(83,672),
(83,686),
(83,719),
(83,764),
(83,777),
(83,784),
(83,833),
(83,873),
(83,932),
(84,19),
(84,39),
(84,46),
(84,175),
(84,238),
(84,281),
(84,290),
(84,312),
(84,317),
(84,413),
(84,414),
(84,460),
(84,479),
(84,491),
(84,529),
(84,540),
(84,566),
(84,574),
(84,589),
(84,616),
(84,646),
(84,703),
(84,729),
(84,764),
(84,782),
(84,809),
(84,830),
(84,843),
(84,887),
(84,975),
(84,996),
(85,2),
(85,14),
(85,72),
(85,85),
(85,92),
(85,148),
(85,216),
(85,290),
(85,296),
(85,297),
(85,337),
(85,383),
(85,421),
(85,446),
(85,461),
(85,475),
(85,478),
(85,522),
(85,543),
(85,558),
(85,591),
(85,630),
(85,678),
(85,711),
(85,761),
(85,812),
(85,869),
(85,875),
(85,895),
(85,957),
(85,960),
(86,137),
(86,163),
(86,196),
(86,216),
(86,249),
(86,303),
(86,331),
(86,364),
(86,391),
(86,432),
(86,482),
(86,486),
(86,519),
(86,520),
(86,548),
(86,623),
(86,631),
(86,636),
(86,752),
(86,760),
(86,808),
(86,857),
(86,878),
(86,893),
(86,905),
(86,923),
(86,929),
(87,48),
(87,157),
(87,161),
(87,199),
(87,207),
(87,250),
(87,253),
(87,312),
(87,421),
(87,570),
(87,599),
(87,606),
(87,654),
(87,679),
(87,706),
(87,718),
(87,721),
(87,830),
(87,870),
(87,952),
(87,961),
(88,4),
(88,76),
(88,87),
(88,128),
(88,170),
(88,193),
(88,234),
(88,304),
(88,602),
(88,620),
(88,668),
(88,717),
(88,785),
(88,819),
(88,839),
(88,881),
(88,908),
(88,929),
(88,940),
(88,968),
(89,47),
(89,103),
(89,117),
(89,162),
(89,182),
(89,187),
(89,212),
(89,254),
(89,266),
(89,306),
(89,342),
(89,406),
(89,410),
(89,446),
(89,473),
(89,488),
(89,529),
(89,542),
(89,564),
(89,697),
(89,833),
(89,864),
(89,970),
(89,976),
(90,2),
(90,11),
(90,100),
(90,197),
(90,212),
(90,262),
(90,303),
(90,330),
(90,363),
(90,374),
(90,384),
(90,385),
(90,391),
(90,406),
(90,433),
(90,442),
(90,451),
(90,520),
(90,529),
(90,542),
(90,586),
(90,633),
(90,663),
(90,676),
(90,771),
(90,817),
(90,838),
(90,855),
(90,858),
(90,868),
(90,880),
(90,901),
(90,925),
(91,13),
(91,25),
(91,48),
(91,176),
(91,181),
(91,190),
(91,335),
(91,416),
(91,447),
(91,480),
(91,493),
(91,509),
(91,511),
(91,608),
(91,807),
(91,829),
(91,849),
(91,859),
(91,941),
(91,982),
(92,90),
(92,94),
(92,103),
(92,104),
(92,123),
(92,137),
(92,207),
(92,229),
(92,338),
(92,381),
(92,436),
(92,443),
(92,453),
(92,470),
(92,505),
(92,512),
(92,543),
(92,545),
(92,547),
(92,553),
(92,564),
(92,568),
(92,618),
(92,662),
(92,686),
(92,699),
(92,712),
(92,728),
(92,802),
(92,825),
(92,838),
(92,889),
(92,929),
(92,991),
(93,71),
(93,120),
(93,124),
(93,280),
(93,325),
(93,339),
(93,427),
(93,445),
(93,453),
(93,473),
(93,573),
(93,621),
(93,644),
(93,678),
(93,680),
(93,699),
(93,744),
(93,768),
(93,777),
(93,835),
(93,856),
(93,874),
(93,909),
(93,916),
(93,982),
(94,13),
(94,60),
(94,76),
(94,122),
(94,153),
(94,193),
(94,206),
(94,228),
(94,270),
(94,275),
(94,320),
(94,322),
(94,337),
(94,354),
(94,402),
(94,428),
(94,457),
(94,473),
(94,475),
(94,512),
(94,517),
(94,521),
(94,533),
(94,540),
(94,548),
(94,551),
(94,712),
(94,713),
(94,724),
(94,775),
(94,788),
(94,950),
(94,989),
(95,22),
(95,35),
(95,47),
(95,52),
(95,65),
(95,74),
(95,126),
(95,207),
(95,245),
(95,294),
(95,301),
(95,312),
(95,329),
(95,353),
(95,375),
(95,420),
(95,424),
(95,431),
(95,498),
(95,522),
(95,546),
(95,551),
(95,619),
(95,627),
(95,690),
(95,748),
(95,813),
(95,828),
(95,855),
(95,903),
(95,923),
(96,8),
(96,36),
(96,40),
(96,54),
(96,58),
(96,66),
(96,134),
(96,209),
(96,244),
(96,320),
(96,430),
(96,452),
(96,486),
(96,572),
(96,590),
(96,661),
(96,778),
(96,832),
(96,846),
(96,874),
(96,945),
(96,968),
(96,987),
(97,143),
(97,177),
(97,188),
(97,197),
(97,256),
(97,312),
(97,342),
(97,348),
(97,358),
(97,370),
(97,437),
(97,446),
(97,466),
(97,518),
(97,553),
(97,561),
(97,641),
(97,656),
(97,728),
(97,755),
(97,757),
(97,826),
(97,862),
(97,930),
(97,933),
(97,947),
(97,951),
(98,66),
(98,72),
(98,81),
(98,87),
(98,107),
(98,120),
(98,183),
(98,194),
(98,212),
(98,297),
(98,607),
(98,634),
(98,686),
(98,705),
(98,710),
(98,721),
(98,725),
(98,734),
(98,738),
(98,765),
(98,782),
(98,824),
(98,829),
(98,912),
(98,955),
(98,985),
(98,990),
(99,7),
(99,27),
(99,84),
(99,250),
(99,322),
(99,325),
(99,381),
(99,414),
(99,475),
(99,490),
(99,512),
(99,540),
(99,572),
(99,600),
(99,618),
(99,620),
(99,622),
(99,636),
(99,672),
(99,726),
(99,741),
(99,796),
(99,835),
(99,967),
(99,978),
(99,982),
(100,17),
(100,118),
(100,250),
(100,411),
(100,414),
(100,513),
(100,563),
(100,642),
(100,714),
(100,718),
(100,759),
(100,779),
(100,815),
(100,846),
(100,850),
(100,872),
(100,877),
(100,909),
(100,919),
(100,944),
(100,967),
(100,979),
(100,991),
(100,992),
(101,60),
(101,66),
(101,85),
(101,146),
(101,189),
(101,250),
(101,255),
(101,263),
(101,275),
(101,289),
(101,491),
(101,494),
(101,511),
(101,568),
(101,608),
(101,617),
(101,655),
(101,662),
(101,700),
(101,702),
(101,758),
(101,774),
(101,787),
(101,828),
(101,841),
(101,928),
(101,932),
(101,936),
(101,941),
(101,978),
(101,980),
(101,984),
(101,988),
(102,20),
(102,34),
(102,53),
(102,123),
(102,124),
(102,194),
(102,200),
(102,205),
(102,268),
(102,326),
(102,329),
(102,334),
(102,351),
(102,418),
(102,431),
(102,446),
(102,485),
(102,508),
(102,517),
(102,521),
(102,526),
(102,529),
(102,544),
(102,600),
(102,605),
(102,606),
(102,624),
(102,631),
(102,712),
(102,728),
(102,744),
(102,796),
(102,802),
(102,810),
(102,828),
(102,837),
(102,845),
(102,852),
(102,958),
(102,979),
(102,980),
(103,5),
(103,118),
(103,130),
(103,197),
(103,199),
(103,206),
(103,215),
(103,221),
(103,271),
(103,285),
(103,315),
(103,318),
(103,333),
(103,347),
(103,356),
(103,360),
(103,378),
(103,437),
(103,585),
(103,609),
(103,639),
(103,643),
(103,692),
(103,735),
(103,822),
(103,895),
(103,903),
(103,912),
(103,942),
(103,956),
(104,19),
(104,39),
(104,40),
(104,59),
(104,70),
(104,136),
(104,156),
(104,184),
(104,198),
(104,233),
(104,259),
(104,287),
(104,309),
(104,313),
(104,394),
(104,401),
(104,463),
(104,506),
(104,516),
(104,583),
(104,600),
(104,607),
(104,657),
(104,677),
(104,739),
(104,892),
(104,904),
(104,926),
(104,945),
(104,984),
(104,999),
(105,12),
(105,15),
(105,21),
(105,29),
(105,42),
(105,116),
(105,158),
(105,239),
(105,280),
(105,283),
(105,315),
(105,333),
(105,372),
(105,377),
(105,530),
(105,558),
(105,561),
(105,606),
(105,649),
(105,686),
(105,750),
(105,795),
(105,831),
(105,835),
(105,858),
(105,864),
(105,893),
(105,906),
(105,910),
(105,915),
(105,954),
(105,990),
(105,993),
(105,994),
(106,44),
(106,83),
(106,108),
(106,126),
(106,136),
(106,166),
(106,189),
(106,194),
(106,204),
(106,229),
(106,241),
(106,345),
(106,365),
(106,399),
(106,439),
(106,457),
(106,469),
(106,500),
(106,505),
(106,559),
(106,566),
(106,585),
(106,639),
(106,654),
(106,659),
(106,675),
(106,687),
(106,752),
(106,763),
(106,780),
(106,858),
(106,866),
(106,881),
(106,894),
(106,934),
(107,62),
(107,112),
(107,133),
(107,136),
(107,138),
(107,162),
(107,165),
(107,172),
(107,209),
(107,220),
(107,239),
(107,277),
(107,292),
(107,338),
(107,348),
(107,369),
(107,388),
(107,392),
(107,409),
(107,430),
(107,445),
(107,454),
(107,458),
(107,467),
(107,520),
(107,534),
(107,548),
(107,571),
(107,574),
(107,603),
(107,606),
(107,637),
(107,774),
(107,781),
(107,796),
(107,831),
(107,849),
(107,859),
(107,879),
(107,905),
(107,973),
(107,977),
(108,1),
(108,6),
(108,9),
(108,137),
(108,208),
(108,219),
(108,242),
(108,278),
(108,302),
(108,350),
(108,378),
(108,379),
(108,495),
(108,507),
(108,517),
(108,561),
(108,567),
(108,648),
(108,652),
(108,655),
(108,673),
(108,693),
(108,696),
(108,702),
(108,721),
(108,733),
(108,741),
(108,744),
(108,887),
(108,892),
(108,894),
(108,920),
(108,958),
(108,966),
(109,12),
(109,48),
(109,77),
(109,157),
(109,174),
(109,190),
(109,243),
(109,281),
(109,393),
(109,463),
(109,622),
(109,657),
(109,694),
(109,700),
(109,732),
(109,753),
(109,785),
(109,786),
(109,863),
(109,885),
(109,955),
(109,967),
(110,8),
(110,27),
(110,62),
(110,120),
(110,126),
(110,156),
(110,292),
(110,343),
(110,360),
(110,369),
(110,435),
(110,513),
(110,525),
(110,539),
(110,545),
(110,625),
(110,650),
(110,801),
(110,912),
(110,961),
(110,987),
(111,61),
(111,78),
(111,98),
(111,162),
(111,179),
(111,194),
(111,325),
(111,359),
(111,382),
(111,403),
(111,407),
(111,414),
(111,474),
(111,489),
(111,508),
(111,555),
(111,603),
(111,608),
(111,643),
(111,669),
(111,679),
(111,680),
(111,699),
(111,731),
(111,732),
(111,737),
(111,744),
(111,777),
(111,847),
(111,894),
(111,919),
(111,962),
(111,973),
(112,34),
(112,37),
(112,151),
(112,173),
(112,188),
(112,231),
(112,312),
(112,322),
(112,443),
(112,450),
(112,565),
(112,603),
(112,606),
(112,654),
(112,666),
(112,700),
(112,728),
(112,772),
(112,796),
(112,817),
(112,829),
(112,856),
(112,865),
(112,869),
(112,988),
(113,35),
(113,84),
(113,116),
(113,181),
(113,218),
(113,249),
(113,258),
(113,292),
(113,322),
(113,353),
(113,403),
(113,525),
(113,642),
(113,656),
(113,674),
(113,680),
(113,700),
(113,719),
(113,723),
(113,726),
(113,732),
(113,748),
(113,838),
(113,890),
(113,921),
(113,969),
(113,981),
(114,13),
(114,68),
(114,90),
(114,162),
(114,188),
(114,194),
(114,210),
(114,237),
(114,254),
(114,305),
(114,339),
(114,420),
(114,425),
(114,452),
(114,538),
(114,619),
(114,757),
(114,807),
(114,827),
(114,841),
(114,861),
(114,866),
(114,913),
(114,961),
(114,993),
(115,49),
(115,52),
(115,245),
(115,246),
(115,277),
(115,302),
(115,379),
(115,383),
(115,391),
(115,428),
(115,506),
(115,531),
(115,607),
(115,615),
(115,661),
(115,671),
(115,686),
(115,703),
(115,714),
(115,740),
(115,754),
(115,846),
(115,887),
(115,952),
(115,955),
(115,966),
(115,985),
(115,994),
(116,36),
(116,48),
(116,88),
(116,90),
(116,105),
(116,128),
(116,336),
(116,338),
(116,384),
(116,412),
(116,420),
(116,451),
(116,481),
(116,492),
(116,584),
(116,606),
(116,622),
(116,647),
(116,653),
(116,742),
(116,784),
(116,844),
(116,939),
(116,956),
(117,10),
(117,15),
(117,42),
(117,167),
(117,178),
(117,190),
(117,197),
(117,224),
(117,246),
(117,273),
(117,298),
(117,316),
(117,337),
(117,395),
(117,423),
(117,432),
(117,459),
(117,468),
(117,550),
(117,578),
(117,707),
(117,710),
(117,738),
(117,739),
(117,778),
(117,783),
(117,785),
(117,797),
(117,812),
(117,831),
(117,864),
(117,887),
(117,926),
(118,35),
(118,39),
(118,41),
(118,49),
(118,55),
(118,136),
(118,141),
(118,151),
(118,311),
(118,384),
(118,399),
(118,499),
(118,517),
(118,553),
(118,558),
(118,572),
(118,641),
(118,656),
(118,695),
(118,735),
(118,788),
(118,852),
(118,938),
(118,957),
(118,969),
(119,21),
(119,49),
(119,64),
(119,87),
(119,143),
(119,171),
(119,172),
(119,173),
(119,381),
(119,394),
(119,412),
(119,418),
(119,454),
(119,509),
(119,521),
(119,567),
(119,570),
(119,592),
(119,614),
(119,636),
(119,649),
(119,693),
(119,738),
(119,751),
(119,782),
(119,786),
(119,788),
(119,802),
(119,858),
(119,868),
(119,900),
(119,939),
(120,57),
(120,63),
(120,144),
(120,149),
(120,208),
(120,231),
(120,238),
(120,255),
(120,414),
(120,424),
(120,489),
(120,513),
(120,590),
(120,641),
(120,642),
(120,659),
(120,682),
(120,691),
(120,715),
(120,717),
(120,722),
(120,746),
(120,830),
(120,894),
(120,898),
(120,911),
(120,994),
(121,141),
(121,154),
(121,161),
(121,170),
(121,186),
(121,198),
(121,220),
(121,222),
(121,284),
(121,297),
(121,338),
(121,353),
(121,449),
(121,479),
(121,517),
(121,633),
(121,654),
(121,658),
(121,666),
(121,771),
(121,780),
(121,847),
(121,884),
(121,885),
(121,966),
(122,22),
(122,29),
(122,76),
(122,83),
(122,157),
(122,158),
(122,166),
(122,227),
(122,238),
(122,300),
(122,307),
(122,363),
(122,470),
(122,489),
(122,491),
(122,542),
(122,620),
(122,649),
(122,654),
(122,673),
(122,718),
(122,795),
(122,957),
(122,961),
(122,998),
(123,3),
(123,43),
(123,67),
(123,105),
(123,148),
(123,151),
(123,185),
(123,223),
(123,234),
(123,245),
(123,246),
(123,266),
(123,286),
(123,429),
(123,442),
(123,446),
(123,479),
(123,480),
(123,494),
(123,503),
(123,530),
(123,576),
(123,577),
(123,589),
(123,593),
(123,725),
(123,730),
(123,786),
(123,860),
(123,892),
(123,926),
(123,988),
(124,22),
(124,64),
(124,106),
(124,113),
(124,190),
(124,246),
(124,260),
(124,263),
(124,289),
(124,306),
(124,312),
(124,322),
(124,343),
(124,449),
(124,468),
(124,539),
(124,601),
(124,726),
(124,742),
(124,775),
(124,785),
(124,814),
(124,858),
(124,882),
(124,987),
(124,997),
(125,62),
(125,98),
(125,100),
(125,114),
(125,175),
(125,188),
(125,204),
(125,238),
(125,250),
(125,324),
(125,338),
(125,361),
(125,367),
(125,395),
(125,414),
(125,428),
(125,429),
(125,450),
(125,497),
(125,557),
(125,568),
(125,584),
(125,602),
(125,623),
(125,664),
(125,683),
(125,710),
(125,877),
(125,908),
(125,949),
(125,965),
(126,21),
(126,34),
(126,43),
(126,58),
(126,85),
(126,96),
(126,193),
(126,194),
(126,199),
(126,256),
(126,263),
(126,288),
(126,317),
(126,347),
(126,369),
(126,370),
(126,419),
(126,468),
(126,469),
(126,545),
(126,685),
(126,836),
(126,860),
(127,36),
(127,47),
(127,48),
(127,79),
(127,119),
(127,141),
(127,157),
(127,202),
(127,286),
(127,333),
(127,354),
(127,366),
(127,382),
(127,388),
(127,411),
(127,459),
(127,553),
(127,573),
(127,613),
(127,617),
(127,641),
(127,710),
(127,727),
(127,749),
(127,763),
(127,771),
(127,791),
(127,819),
(127,839),
(127,846),
(127,911),
(127,953),
(127,970),
(128,26),
(128,82),
(128,119),
(128,168),
(128,212),
(128,238),
(128,299),
(128,312),
(128,326),
(128,336),
(128,345),
(128,407),
(128,462),
(128,485),
(128,516),
(128,564),
(128,614),
(128,650),
(128,665),
(128,671),
(128,693),
(128,696),
(128,759),
(128,774),
(128,814),
(128,899),
(128,912),
(128,944),
(128,949),
(128,965),
(129,56),
(129,89),
(129,101),
(129,166),
(129,202),
(129,230),
(129,247),
(129,249),
(129,348),
(129,367),
(129,391),
(129,418),
(129,431),
(129,452),
(129,471),
(129,520),
(129,597),
(129,602),
(129,640),
(129,669),
(129,684),
(129,705),
(129,805),
(129,826),
(129,834),
(129,857),
(129,910),
(129,920),
(129,938),
(129,962),
(130,9),
(130,26),
(130,37),
(130,43),
(130,49),
(130,57),
(130,107),
(130,112),
(130,208),
(130,326),
(130,375),
(130,416),
(130,431),
(130,452),
(130,453),
(130,478),
(130,507),
(130,525),
(130,549),
(130,592),
(130,702),
(130,725),
(130,764),
(130,809),
(130,869),
(130,930),
(130,981),
(131,48),
(131,66),
(131,94),
(131,120),
(131,147),
(131,206),
(131,320),
(131,383),
(131,432),
(131,436),
(131,450),
(131,479),
(131,494),
(131,515),
(131,539),
(131,590),
(131,647),
(131,693),
(131,713),
(131,770),
(131,798),
(131,809),
(131,875),
(131,881),
(131,921),
(132,81),
(132,82),
(132,133),
(132,156),
(132,162),
(132,311),
(132,345),
(132,377),
(132,410),
(132,538),
(132,562),
(132,586),
(132,626),
(132,637),
(132,698),
(132,756),
(132,806),
(132,897),
(132,899),
(132,904),
(132,930),
(132,987),
(133,7),
(133,51),
(133,133),
(133,172),
(133,210),
(133,270),
(133,280),
(133,286),
(133,338),
(133,342),
(133,351),
(133,368),
(133,385),
(133,390),
(133,397),
(133,410),
(133,452),
(133,463),
(133,514),
(133,588),
(133,594),
(133,635),
(133,652),
(133,727),
(133,806),
(133,868),
(133,882),
(133,894),
(133,933),
(133,952),
(134,132),
(134,145),
(134,161),
(134,219),
(134,243),
(134,250),
(134,278),
(134,341),
(134,386),
(134,413),
(134,558),
(134,588),
(134,624),
(134,655),
(134,683),
(134,690),
(134,861),
(134,896),
(134,897),
(134,915),
(134,927),
(134,936),
(135,35),
(135,41),
(135,65),
(135,88),
(135,170),
(135,269),
(135,320),
(135,353),
(135,357),
(135,364),
(135,455),
(135,458),
(135,484),
(135,541),
(135,553),
(135,616),
(135,628),
(135,719),
(135,814),
(135,905),
(136,20),
(136,25),
(136,33),
(136,56),
(136,61),
(136,193),
(136,214),
(136,229),
(136,243),
(136,256),
(136,262),
(136,271),
(136,288),
(136,300),
(136,364),
(136,401),
(136,414),
(136,420),
(136,474),
(136,485),
(136,542),
(136,552),
(136,620),
(136,649),
(136,686),
(136,781),
(136,806),
(136,808),
(136,818),
(136,842),
(136,933),
(136,993),
(137,6),
(137,14),
(137,56),
(137,96),
(137,160),
(137,224),
(137,249),
(137,254),
(137,263),
(137,268),
(137,304),
(137,390),
(137,410),
(137,433),
(137,446),
(137,489),
(137,530),
(137,564),
(137,603),
(137,610),
(137,688),
(137,703),
(137,745),
(137,758),
(137,832),
(137,841),
(137,917),
(138,8),
(138,52),
(138,61),
(138,125),
(138,157),
(138,214),
(138,258),
(138,376),
(138,403),
(138,446),
(138,453),
(138,508),
(138,553),
(138,561),
(138,583),
(138,627),
(138,639),
(138,695),
(138,747),
(138,879),
(138,885),
(138,923),
(138,970),
(138,989),
(139,20),
(139,35),
(139,57),
(139,74),
(139,90),
(139,107),
(139,155),
(139,170),
(139,181),
(139,200),
(139,229),
(139,233),
(139,261),
(139,262),
(139,266),
(139,282),
(139,284),
(139,373),
(139,447),
(139,489),
(139,529),
(139,540),
(139,570),
(139,602),
(139,605),
(139,636),
(139,691),
(139,706),
(139,719),
(139,744),
(139,746),
(139,862),
(139,892),
(140,27),
(140,77),
(140,112),
(140,135),
(140,185),
(140,258),
(140,370),
(140,373),
(140,498),
(140,509),
(140,576),
(140,587),
(140,599),
(140,608),
(140,647),
(140,665),
(140,670),
(140,693),
(140,702),
(140,729),
(140,730),
(140,731),
(140,736),
(140,742),
(140,778),
(140,820),
(140,830),
(140,835),
(140,857),
(140,923),
(140,934),
(140,999),
(141,43),
(141,67),
(141,188),
(141,191),
(141,207),
(141,223),
(141,341),
(141,358),
(141,380),
(141,395),
(141,467),
(141,491),
(141,589),
(141,607),
(141,673),
(141,740),
(141,752),
(141,768),
(141,772),
(141,787),
(141,821),
(141,829),
(141,840),
(141,849),
(141,862),
(141,863),
(141,909),
(141,992),
(142,10),
(142,18),
(142,107),
(142,139),
(142,186),
(142,199),
(142,248),
(142,328),
(142,350),
(142,371),
(142,470),
(142,481),
(142,494),
(142,501),
(142,504),
(142,540),
(142,554),
(142,575),
(142,608),
(142,710),
(142,712),
(142,735),
(142,759),
(142,794),
(142,842),
(142,859),
(142,863),
(142,875),
(142,906),
(142,914),
(142,999),
(143,47),
(143,79),
(143,141),
(143,175),
(143,232),
(143,239),
(143,316),
(143,339),
(143,361),
(143,386),
(143,404),
(143,457),
(143,485),
(143,497),
(143,560),
(143,576),
(143,603),
(143,613),
(143,659),
(143,660),
(143,680),
(143,687),
(143,690),
(143,706),
(143,792),
(143,821),
(143,830),
(143,872),
(143,878),
(143,906),
(143,958),
(144,18),
(144,67),
(144,79),
(144,90),
(144,99),
(144,105),
(144,123),
(144,125),
(144,127),
(144,130),
(144,135),
(144,164),
(144,184),
(144,216),
(144,228),
(144,260),
(144,272),
(144,291),
(144,293),
(144,312),
(144,393),
(144,396),
(144,473),
(144,504),
(144,540),
(144,599),
(144,668),
(144,702),
(144,753),
(144,762),
(144,776),
(144,785),
(144,845),
(144,894),
(144,953),
(145,39),
(145,109),
(145,120),
(145,154),
(145,155),
(145,243),
(145,293),
(145,402),
(145,409),
(145,457),
(145,475),
(145,487),
(145,494),
(145,527),
(145,592),
(145,625),
(145,629),
(145,641),
(145,661),
(145,664),
(145,692),
(145,713),
(145,726),
(145,748),
(145,822),
(145,893),
(145,923),
(145,953),
(146,12),
(146,16),
(146,33),
(146,117),
(146,177),
(146,191),
(146,197),
(146,207),
(146,218),
(146,278),
(146,296),
(146,314),
(146,320),
(146,372),
(146,384),
(146,402),
(146,410),
(146,427),
(146,429),
(146,512),
(146,514),
(146,571),
(146,591),
(146,720),
(146,731),
(146,734),
(146,871),
(146,909),
(146,922),
(146,945),
(146,955),
(146,966),
(146,969),
(147,4),
(147,85),
(147,131),
(147,139),
(147,145),
(147,178),
(147,251),
(147,254),
(147,295),
(147,298),
(147,305),
(147,310),
(147,318),
(147,333),
(147,341),
(147,351),
(147,394),
(147,402),
(147,405),
(147,410),
(147,431),
(147,443),
(147,508),
(147,554),
(147,563),
(147,649),
(147,688),
(147,708),
(147,864),
(147,957),
(147,987),
(148,27),
(148,57),
(148,133),
(148,149),
(148,226),
(148,342),
(148,368),
(148,422),
(148,468),
(148,633),
(148,718),
(148,768),
(148,772),
(148,792),
(149,53),
(149,72),
(149,95),
(149,118),
(149,139),
(149,146),
(149,153),
(149,159),
(149,169),
(149,178),
(149,188),
(149,193),
(149,339),
(149,354),
(149,362),
(149,365),
(149,458),
(149,631),
(149,670),
(149,685),
(149,761),
(149,782),
(149,810),
(149,811),
(149,899),
(149,905),
(149,913),
(149,921),
(149,947),
(149,949),
(149,992),
(150,23),
(150,63),
(150,75),
(150,94),
(150,105),
(150,168),
(150,190),
(150,206),
(150,233),
(150,270),
(150,285),
(150,306),
(150,386),
(150,433),
(150,446),
(150,447),
(150,468),
(150,508),
(150,542),
(150,551),
(150,629),
(150,647),
(150,672),
(150,697),
(150,728),
(150,777),
(150,854),
(150,873),
(150,880),
(150,887),
(150,889),
(150,892),
(150,953),
(150,962),
(151,131),
(151,144),
(151,167),
(151,170),
(151,217),
(151,232),
(151,342),
(151,367),
(151,370),
(151,382),
(151,451),
(151,463),
(151,482),
(151,501),
(151,527),
(151,539),
(151,570),
(151,574),
(151,634),
(151,658),
(151,665),
(151,703),
(151,880),
(151,892),
(151,895),
(151,989),
(152,59),
(152,153),
(152,217),
(152,248),
(152,318),
(152,332),
(152,475),
(152,476),
(152,578),
(152,607),
(152,611),
(152,615),
(152,674),
(152,680),
(152,729),
(152,768),
(152,821),
(152,846),
(152,891),
(152,898),
(152,927),
(152,964),
(152,968),
(153,47),
(153,64),
(153,136),
(153,180),
(153,203),
(153,231),
(153,444),
(153,476),
(153,480),
(153,486),
(153,536),
(153,627),
(153,732),
(153,756),
(153,766),
(153,817),
(153,847),
(153,919),
(153,938),
(153,988),
(154,27),
(154,111),
(154,141),
(154,158),
(154,169),
(154,170),
(154,193),
(154,208),
(154,274),
(154,276),
(154,282),
(154,299),
(154,314),
(154,396),
(154,399),
(154,421),
(154,440),
(154,467),
(154,474),
(154,489),
(154,588),
(154,602),
(154,680),
(154,698),
(154,802),
(154,842),
(154,954),
(154,988),
(155,20),
(155,67),
(155,128),
(155,153),
(155,220),
(155,249),
(155,303),
(155,312),
(155,359),
(155,361),
(155,383),
(155,387),
(155,407),
(155,427),
(155,459),
(155,513),
(155,584),
(155,590),
(155,630),
(155,688),
(155,757),
(155,768),
(155,785),
(155,849),
(155,885),
(155,890),
(155,941),
(155,966),
(155,987),
(155,997),
(155,1000),
(156,53),
(156,155),
(156,198),
(156,244),
(156,262),
(156,263),
(156,285),
(156,297),
(156,301),
(156,349),
(156,379),
(156,448),
(156,462),
(156,467),
(156,504),
(156,518),
(156,593),
(156,646),
(156,705),
(156,754),
(156,775),
(156,844),
(157,10),
(157,24),
(157,34),
(157,122),
(157,159),
(157,183),
(157,210),
(157,217),
(157,291),
(157,303),
(157,321),
(157,326),
(157,353),
(157,400),
(157,406),
(157,431),
(157,496),
(157,535),
(157,573),
(157,574),
(157,604),
(157,616),
(157,642),
(157,661),
(157,696),
(157,713),
(157,802),
(157,835),
(157,874),
(157,913),
(157,967),
(157,973),
(158,32),
(158,47),
(158,64),
(158,66),
(158,102),
(158,121),
(158,177),
(158,178),
(158,188),
(158,215),
(158,241),
(158,293),
(158,437),
(158,473),
(158,483),
(158,532),
(158,555),
(158,581),
(158,601),
(158,616),
(158,626),
(158,637),
(158,799),
(158,812),
(158,824),
(158,830),
(158,840),
(158,869),
(158,879),
(158,880),
(158,894),
(158,896),
(158,967),
(158,968),
(158,990),
(159,20),
(159,82),
(159,127),
(159,187),
(159,206),
(159,208),
(159,223),
(159,248),
(159,342),
(159,343),
(159,344),
(159,364),
(159,418),
(159,549),
(159,561),
(159,600),
(159,674),
(159,680),
(159,784),
(159,789),
(159,800),
(159,802),
(159,818),
(159,876),
(159,907),
(159,978),
(160,2),
(160,17),
(160,43),
(160,242),
(160,267),
(160,275),
(160,368),
(160,455),
(160,469),
(160,484),
(160,579),
(160,660),
(160,755),
(160,767),
(160,769),
(160,794),
(160,826),
(160,883),
(160,950),
(160,954),
(161,43),
(161,58),
(161,89),
(161,90),
(161,120),
(161,188),
(161,247),
(161,269),
(161,281),
(161,340),
(161,353),
(161,401),
(161,414),
(161,425),
(161,469),
(161,526),
(161,588),
(161,644),
(161,653),
(161,655),
(161,669),
(161,684),
(161,714),
(161,749),
(161,807),
(161,825),
(161,850),
(161,880),
(161,920),
(161,921),
(161,924),
(161,927),
(162,1),
(162,4),
(162,7),
(162,18),
(162,28),
(162,32),
(162,33),
(162,41),
(162,85),
(162,121),
(162,164),
(162,274),
(162,279),
(162,409),
(162,410),
(162,415),
(162,500),
(162,574),
(162,612),
(162,636),
(162,659),
(162,786),
(162,844),
(162,909),
(162,968),
(163,30),
(163,45),
(163,166),
(163,180),
(163,239),
(163,283),
(163,303),
(163,304),
(163,307),
(163,394),
(163,409),
(163,434),
(163,444),
(163,522),
(163,719),
(163,785),
(163,833),
(163,881),
(163,891),
(163,947),
(163,996),
(164,15),
(164,23),
(164,148),
(164,169),
(164,252),
(164,324),
(164,347),
(164,367),
(164,431),
(164,448),
(164,469),
(164,545),
(164,610),
(164,613),
(164,673),
(164,681),
(164,698),
(164,801),
(164,820),
(164,832),
(164,834),
(164,851),
(164,884),
(164,908),
(164,957),
(164,984),
(165,72),
(165,95),
(165,146),
(165,204),
(165,253),
(165,286),
(165,360),
(165,375),
(165,395),
(165,421),
(165,437),
(165,473),
(165,607),
(165,644),
(165,659),
(165,693),
(165,737),
(165,779),
(165,798),
(165,807),
(165,809),
(165,832),
(165,833),
(165,947),
(165,948),
(165,962),
(166,25),
(166,38),
(166,55),
(166,61),
(166,68),
(166,86),
(166,146),
(166,255),
(166,297),
(166,306),
(166,326),
(166,361),
(166,366),
(166,426),
(166,580),
(166,622),
(166,674),
(166,714),
(166,788),
(166,867),
(166,944),
(166,1000),
(167,17),
(167,25),
(167,63),
(167,72),
(167,107),
(167,120),
(167,191),
(167,294),
(167,319),
(167,339),
(167,341),
(167,496),
(167,554),
(167,626),
(167,628),
(167,672),
(167,692),
(167,717),
(167,734),
(167,794),
(167,800),
(167,802),
(167,856),
(167,864),
(167,882),
(167,923),
(168,32),
(168,56),
(168,92),
(168,115),
(168,188),
(168,196),
(168,208),
(168,237),
(168,241),
(168,255),
(168,305),
(168,336),
(168,387),
(168,433),
(168,438),
(168,519),
(168,602),
(168,619),
(168,626),
(168,652),
(168,678),
(168,685),
(168,804),
(168,807),
(168,826),
(168,841),
(168,886),
(168,889),
(168,892),
(168,927),
(168,959),
(169,6),
(169,78),
(169,93),
(169,246),
(169,248),
(169,289),
(169,301),
(169,326),
(169,349),
(169,372),
(169,398),
(169,434),
(169,505),
(169,564),
(169,571),
(169,634),
(169,642),
(169,673),
(169,694),
(169,727),
(169,778),
(169,815),
(169,847),
(169,849),
(169,894),
(169,897),
(169,954),
(169,992),
(169,998),
(170,7),
(170,15),
(170,27),
(170,33),
(170,102),
(170,139),
(170,180),
(170,184),
(170,212),
(170,299),
(170,322),
(170,358),
(170,416),
(170,508),
(170,537),
(170,705),
(170,758),
(170,764),
(170,868),
(170,877),
(170,886),
(170,925),
(170,993),
(170,996),
(171,49),
(171,146),
(171,166),
(171,181),
(171,219),
(171,273),
(171,296),
(171,318),
(171,342),
(171,397),
(171,447),
(171,450),
(171,466),
(171,549),
(171,560),
(171,566),
(171,608),
(171,625),
(171,645),
(171,701),
(171,761),
(171,779),
(171,849),
(171,872),
(171,892),
(171,898),
(171,903),
(171,953),
(172,57),
(172,100),
(172,148),
(172,215),
(172,302),
(172,345),
(172,368),
(172,385),
(172,423),
(172,487),
(172,493),
(172,529),
(172,538),
(172,567),
(172,609),
(172,639),
(172,649),
(172,661),
(172,667),
(172,710),
(172,744),
(172,758),
(172,771),
(172,833),
(172,959),
(173,49),
(173,55),
(173,74),
(173,80),
(173,106),
(173,154),
(173,162),
(173,188),
(173,235),
(173,313),
(173,379),
(173,405),
(173,491),
(173,496),
(173,529),
(173,550),
(173,564),
(173,571),
(173,592),
(173,688),
(173,753),
(173,757),
(173,852),
(173,857),
(173,921),
(173,928),
(173,933),
(174,11),
(174,61),
(174,168),
(174,298),
(174,352),
(174,442),
(174,451),
(174,496),
(174,610),
(174,618),
(174,622),
(174,659),
(174,677),
(174,705),
(174,722),
(174,780),
(174,797),
(174,809),
(174,827),
(174,830),
(174,852),
(174,853),
(174,879),
(174,982),
(175,9),
(175,29),
(175,67),
(175,129),
(175,155),
(175,190),
(175,191),
(175,362),
(175,405),
(175,424),
(175,439),
(175,442),
(175,483),
(175,591),
(175,596),
(175,616),
(175,719),
(175,729),
(175,772),
(175,778),
(175,828),
(175,842),
(175,890),
(175,908),
(175,977),
(175,978),
(175,998),
(176,13),
(176,73),
(176,89),
(176,150),
(176,162),
(176,238),
(176,252),
(176,303),
(176,320),
(176,401),
(176,417),
(176,441),
(176,458),
(176,461),
(176,517),
(176,521),
(176,543),
(176,573),
(176,699),
(176,726),
(176,740),
(176,746),
(176,758),
(176,802),
(176,827),
(176,839),
(176,859),
(176,872),
(176,946),
(177,12),
(177,39),
(177,52),
(177,55),
(177,86),
(177,175),
(177,188),
(177,235),
(177,237),
(177,289),
(177,363),
(177,401),
(177,433),
(177,458),
(177,522),
(177,543),
(177,563),
(177,649),
(177,683),
(177,684),
(177,726),
(177,751),
(177,763),
(177,764),
(177,827),
(177,910),
(177,956),
(178,30),
(178,34),
(178,109),
(178,146),
(178,160),
(178,164),
(178,194),
(178,197),
(178,273),
(178,311),
(178,397),
(178,483),
(178,517),
(178,537),
(178,587),
(178,708),
(178,733),
(178,744),
(178,762),
(178,930),
(178,974),
(178,983),
(178,1000),
(179,24),
(179,27),
(179,65),
(179,85),
(179,109),
(179,131),
(179,159),
(179,193),
(179,250),
(179,291),
(179,353),
(179,415),
(179,463),
(179,468),
(179,489),
(179,566),
(179,588),
(179,650),
(179,698),
(179,732),
(179,737),
(179,769),
(179,811),
(179,817),
(179,852),
(179,924),
(179,931),
(179,960),
(179,976),
(180,12),
(180,33),
(180,144),
(180,195),
(180,258),
(180,441),
(180,506),
(180,561),
(180,609),
(180,622),
(180,628),
(180,657),
(180,724),
(180,729),
(180,732),
(180,777),
(180,809),
(180,811),
(180,820),
(180,824),
(180,847),
(180,869),
(180,874),
(180,955),
(180,963),
(181,5),
(181,40),
(181,74),
(181,78),
(181,83),
(181,152),
(181,195),
(181,233),
(181,286),
(181,301),
(181,311),
(181,381),
(181,387),
(181,403),
(181,409),
(181,420),
(181,437),
(181,456),
(181,507),
(181,522),
(181,539),
(181,542),
(181,546),
(181,579),
(181,596),
(181,604),
(181,609),
(181,625),
(181,744),
(181,816),
(181,836),
(181,868),
(181,870),
(181,874),
(181,892),
(181,907),
(181,911),
(181,921),
(181,991),
(182,33),
(182,160),
(182,301),
(182,324),
(182,346),
(182,362),
(182,391),
(182,413),
(182,421),
(182,437),
(182,590),
(182,639),
(182,668),
(182,677),
(182,679),
(182,695),
(182,714),
(182,720),
(182,819),
(182,828),
(182,845),
(182,864),
(182,940),
(182,990),
(183,32),
(183,40),
(183,71),
(183,113),
(183,313),
(183,388),
(183,389),
(183,390),
(183,495),
(183,520),
(183,576),
(183,636),
(183,715),
(183,850),
(183,862),
(183,914),
(183,941),
(183,949),
(183,983),
(184,35),
(184,87),
(184,146),
(184,169),
(184,221),
(184,336),
(184,371),
(184,452),
(184,486),
(184,492),
(184,500),
(184,574),
(184,580),
(184,597),
(184,615),
(184,640),
(184,642),
(184,650),
(184,661),
(184,684),
(184,745),
(184,772),
(184,787),
(184,867),
(184,959),
(184,966),
(184,967),
(184,969),
(184,985),
(185,7),
(185,95),
(185,138),
(185,265),
(185,286),
(185,360),
(185,411),
(185,427),
(185,437),
(185,448),
(185,494),
(185,510),
(185,518),
(185,554),
(185,560),
(185,571),
(185,584),
(185,631),
(185,665),
(185,694),
(185,730),
(185,761),
(185,818),
(185,845),
(185,880),
(185,882),
(185,919),
(185,920),
(185,965),
(185,973),
(186,95),
(186,187),
(186,208),
(186,228),
(186,237),
(186,422),
(186,482),
(186,508),
(186,552),
(186,579),
(186,637),
(186,648),
(186,654),
(186,729),
(186,983),
(186,994),
(187,17),
(187,25),
(187,29),
(187,51),
(187,73),
(187,76),
(187,98),
(187,110),
(187,127),
(187,168),
(187,222),
(187,224),
(187,297),
(187,354),
(187,379),
(187,417),
(187,435),
(187,441),
(187,474),
(187,499),
(187,538),
(187,548),
(187,561),
(187,617),
(187,625),
(187,664),
(187,671),
(187,768),
(187,779),
(187,906),
(187,914),
(187,923),
(187,976),
(188,1),
(188,10),
(188,14),
(188,51),
(188,102),
(188,111),
(188,146),
(188,206),
(188,223),
(188,289),
(188,311),
(188,322),
(188,338),
(188,396),
(188,412),
(188,506),
(188,517),
(188,529),
(188,566),
(188,593),
(188,606),
(188,662),
(188,770),
(188,773),
(188,774),
(188,815),
(188,849),
(188,925),
(188,988),
(188,989),
(189,43),
(189,82),
(189,171),
(189,266),
(189,272),
(189,315),
(189,378),
(189,492),
(189,509),
(189,512),
(189,519),
(189,533),
(189,548),
(189,560),
(189,628),
(189,734),
(189,748),
(189,788),
(189,820),
(189,853),
(189,882),
(189,896),
(189,899),
(189,940),
(190,38),
(190,54),
(190,62),
(190,87),
(190,173),
(190,234),
(190,253),
(190,278),
(190,310),
(190,374),
(190,411),
(190,426),
(190,472),
(190,549),
(190,562),
(190,606),
(190,623),
(190,679),
(190,682),
(190,693),
(190,695),
(190,705),
(190,708),
(190,802),
(190,806),
(190,874),
(190,959),
(191,16),
(191,39),
(191,84),
(191,185),
(191,219),
(191,293),
(191,296),
(191,378),
(191,410),
(191,420),
(191,461),
(191,544),
(191,551),
(191,596),
(191,638),
(191,668),
(191,692),
(191,775),
(191,801),
(191,819),
(191,827),
(191,830),
(191,834),
(191,849),
(191,858),
(191,914),
(191,958),
(191,969),
(191,971),
(191,993),
(192,16),
(192,69),
(192,117),
(192,155),
(192,166),
(192,179),
(192,214),
(192,361),
(192,367),
(192,426),
(192,465),
(192,470),
(192,475),
(192,485),
(192,541),
(192,578),
(192,592),
(192,614),
(192,618),
(192,622),
(192,674),
(192,677),
(192,680),
(192,682),
(192,708),
(192,711),
(192,747),
(192,763),
(192,819),
(193,44),
(193,80),
(193,103),
(193,109),
(193,119),
(193,141),
(193,164),
(193,291),
(193,352),
(193,358),
(193,376),
(193,412),
(193,462),
(193,689),
(193,709),
(193,745),
(193,807),
(193,828),
(193,834),
(193,851),
(193,937),
(193,953),
(193,960),
(194,9),
(194,42),
(194,67),
(194,86),
(194,88),
(194,98),
(194,135),
(194,161),
(194,163),
(194,215),
(194,232),
(194,352),
(194,415),
(194,486),
(194,498),
(194,531),
(194,719),
(194,738),
(194,786),
(194,872),
(194,938),
(194,940),
(195,129),
(195,130),
(195,141),
(195,144),
(195,298),
(195,359),
(195,361),
(195,392),
(195,403),
(195,494),
(195,520),
(195,534),
(195,560),
(195,592),
(195,649),
(195,658),
(195,673),
(195,677),
(195,706),
(195,738),
(195,769),
(195,781),
(195,794),
(195,813),
(195,869),
(195,885),
(195,962),
(196,64),
(196,122),
(196,156),
(196,169),
(196,276),
(196,284),
(196,303),
(196,324),
(196,423),
(196,473),
(196,484),
(196,515),
(196,524),
(196,541),
(196,560),
(196,575),
(196,576),
(196,587),
(196,615),
(196,635),
(196,684),
(196,795),
(196,815),
(196,833),
(196,837),
(196,906),
(196,908),
(196,919),
(196,939),
(196,972),
(197,6),
(197,29),
(197,63),
(197,123),
(197,129),
(197,147),
(197,164),
(197,189),
(197,243),
(197,249),
(197,258),
(197,364),
(197,369),
(197,370),
(197,418),
(197,522),
(197,531),
(197,554),
(197,598),
(197,628),
(197,691),
(197,724),
(197,746),
(197,752),
(197,758),
(197,769),
(197,815),
(197,916),
(197,950),
(197,967),
(197,974),
(197,979),
(197,995),
(198,1),
(198,109),
(198,125),
(198,186),
(198,262),
(198,264),
(198,303),
(198,309),
(198,311),
(198,329),
(198,347),
(198,379),
(198,395),
(198,406),
(198,450),
(198,464),
(198,482),
(198,499),
(198,536),
(198,541),
(198,545),
(198,555),
(198,568),
(198,570),
(198,588),
(198,597),
(198,628),
(198,745),
(198,758),
(198,796),
(198,806),
(198,817),
(198,843),
(198,858),
(198,871),
(198,886),
(198,892),
(198,924),
(198,952),
(198,997),
(199,67),
(199,84),
(199,145),
(199,159),
(199,216),
(199,432),
(199,541),
(199,604),
(199,640),
(199,689),
(199,730),
(199,784),
(199,785),
(199,886),
(199,953),
(200,5),
(200,49),
(200,80),
(200,116),
(200,121),
(200,149),
(200,346),
(200,419),
(200,462),
(200,465),
(200,474),
(200,537),
(200,538),
(200,544),
(200,714),
(200,879),
(200,912),
(200,945),
(200,958),
(200,993);
COMMIT;

SET AUTOCOMMIT=0;
INSERT INTO FILME_CATEGORIA VALUES (1,6),
(2,11),
(3,6),
(4,11),
(5,8),
(6,9),
(7,5),
(8,11),
(9,11),
(10,15),
(11,9),
(12,12),
(13,11),
(14,4),
(15,9),
(16,9),
(17,12),
(18,2),
(19,1),
(20,12),
(21,1),
(22,13),
(23,2),
(24,11),
(25,13),
(26,14),
(27,15),
(28,5),
(29,1),
(30,11),
(31,8),
(32,13),
(33,7),
(34,11),
(35,11),
(36,2),
(37,4),
(38,1),
(39,14),
(40,6),
(41,16),
(42,15),
(43,8),
(44,14),
(45,13),
(46,10),
(47,9),
(48,3),
(49,14),
(50,8),
(51,12),
(52,9),
(53,8),
(54,12),
(55,14),
(56,1),
(57,16),
(58,6),
(59,3),
(60,4),
(61,7),
(62,6),
(63,8),
(64,7),
(65,11),
(66,3),
(67,1),
(68,3),
(69,14),
(70,2),
(71,8),
(72,6),
(73,14),
(74,12),
(75,16),
(76,12),
(77,13),
(78,2),
(79,7),
(80,8),
(81,14),
(82,8),
(83,8),
(84,16),
(85,6),
(86,12),
(87,16),
(88,16),
(89,2),
(90,13),
(91,4),
(92,11),
(93,13),
(94,8),
(95,13),
(96,13),
(97,1),
(98,7),
(99,5),
(100,9),
(101,6),
(102,15),
(103,16),
(104,9),
(105,1),
(106,10),
(107,7),
(108,13),
(109,13),
(110,3),
(111,1),
(112,9),
(113,15),
(114,14),
(115,1),
(116,4),
(117,10),
(118,2),
(119,5),
(120,15),
(121,2),
(122,11),
(123,16),
(124,3),
(125,16),
(126,1),
(127,5),
(128,9),
(129,6),
(130,1),
(131,4),
(132,14),
(133,12),
(134,2),
(135,15),
(136,13),
(137,14),
(138,14),
(139,8),
(140,14),
(141,10),
(142,6),
(143,7),
(144,13),
(145,8),
(146,7),
(147,8),
(148,9),
(149,3),
(150,6),
(151,14),
(152,3),
(153,14),
(154,2),
(155,13),
(156,6),
(157,3),
(158,12),
(159,5),
(160,2),
(161,12),
(162,1),
(163,13),
(164,6),
(165,14),
(166,4),
(167,16),
(168,3),
(169,16),
(170,9),
(171,11),
(172,7),
(173,7),
(174,12),
(175,8),
(176,15),
(177,14),
(178,5),
(179,7),
(180,4),
(181,16),
(182,5),
(183,8),
(184,4),
(185,9),
(186,7),
(187,15),
(188,5),
(189,10),
(190,4),
(191,3),
(192,9),
(193,2),
(194,1),
(195,14),
(196,4),
(197,15),
(198,9),
(199,6),
(200,10),
(201,9),
(202,5),
(203,14),
(204,7),
(205,1),
(206,6),
(207,9),
(208,2),
(209,7),
(210,1),
(211,10),
(212,1),
(213,8),
(214,3),
(215,10),
(216,13),
(217,10),
(218,7),
(219,6),
(220,12),
(221,6),
(222,11),
(223,2),
(224,16),
(225,7),
(226,13),
(227,10),
(228,4),
(229,1),
(230,7),
(231,8),
(232,10),
(233,16),
(234,14),
(235,14),
(236,10),
(237,15),
(238,3),
(239,2),
(240,14),
(241,2),
(242,5),
(243,2),
(244,12),
(245,2),
(246,9),
(247,5),
(248,6),
(249,4),
(250,1),
(251,13),
(252,1),
(253,1),
(254,15),
(255,12),
(256,15),
(257,16),
(258,11),
(259,2),
(260,15),
(261,6),
(262,8),
(263,15),
(264,10),
(265,5),
(266,4),
(267,13),
(268,2),
(269,8),
(270,13),
(271,1),
(272,7),
(273,8),
(274,6),
(275,11),
(276,5),
(277,11),
(278,12),
(279,15),
(280,3),
(281,10),
(282,7),
(283,13),
(284,12),
(285,14),
(286,16),
(287,1),
(288,16),
(289,13),
(290,9),
(291,15),
(292,1),
(293,15),
(294,16),
(295,6),
(296,14),
(297,4),
(298,14),
(299,16),
(300,2),
(301,11),
(302,10),
(303,1),
(304,3),
(305,13),
(306,10),
(307,16),
(308,5),
(309,8),
(310,10),
(311,9),
(312,14),
(313,11),
(314,2),
(315,8),
(316,10),
(317,5),
(318,1),
(319,14),
(320,13),
(321,13),
(322,15),
(323,15),
(324,5),
(325,2),
(326,2),
(327,1),
(328,3),
(329,1),
(330,2),
(331,10),
(332,5),
(333,12),
(334,11),
(335,5),
(336,6),
(337,9),
(338,14),
(339,16),
(340,13),
(341,4),
(342,16),
(343,3),
(344,3),
(345,8),
(346,4),
(347,16),
(348,8),
(349,2),
(350,14),
(351,11),
(352,10),
(353,9),
(354,3),
(355,2),
(356,3),
(357,4),
(358,4),
(359,8),
(360,1),
(361,15),
(362,10),
(363,12),
(364,13),
(365,5),
(366,7),
(367,14),
(368,7),
(369,14),
(370,3),
(371,1),
(372,15),
(373,3),
(374,14),
(375,1),
(376,9),
(377,8),
(378,12),
(379,7),
(380,9),
(381,10),
(382,10),
(383,15),
(384,12),
(385,5),
(386,16),
(387,10),
(388,5),
(389,15),
(390,14),
(391,8),
(392,3),
(393,6),
(394,14),
(395,1),
(396,7),
(397,14),
(398,12),
(399,9),
(400,6),
(401,7),
(402,2),
(403,7),
(404,5),
(405,16),
(406,10),
(407,6),
(408,10),
(409,3),
(410,5),
(411,12),
(412,6),
(413,5),
(414,9),
(415,11),
(416,9),
(417,1),
(418,7),
(419,8),
(420,15),
(421,9),
(422,14),
(423,3),
(424,3),
(425,4),
(426,12),
(427,6),
(428,8),
(429,15),
(430,2),
(431,9),
(432,4),
(433,2),
(434,16),
(435,9),
(436,13),
(437,8),
(438,10),
(439,7),
(440,9),
(441,6),
(442,8),
(443,5),
(444,5),
(445,4),
(446,15),
(447,10),
(448,13),
(449,14),
(450,3),
(451,16),
(452,9),
(453,15),
(454,12),
(455,9),
(456,2),
(457,6),
(458,8),
(459,9),
(460,9),
(461,2),
(462,12),
(463,15),
(464,2),
(465,13),
(466,6),
(467,9),
(468,3),
(469,4),
(470,2),
(471,4),
(472,16),
(473,7),
(474,15),
(475,11),
(476,8),
(477,12),
(478,5),
(479,8),
(480,4),
(481,13),
(482,4),
(483,10),
(484,4),
(485,3),
(486,9),
(487,4),
(488,15),
(489,2),
(490,13),
(491,3),
(492,13),
(493,9),
(494,11),
(495,11),
(496,16),
(497,6),
(498,8),
(499,8),
(500,9),
(501,1),
(502,5),
(503,15),
(504,7),
(505,3),
(506,11),
(507,10),
(508,10),
(509,3),
(510,2),
(511,1),
(512,4),
(513,16),
(514,7),
(515,3),
(516,12),
(517,15),
(518,16),
(519,15),
(520,14),
(521,7),
(522,5),
(523,4),
(524,5),
(525,4),
(526,16),
(527,11),
(528,8),
(529,5),
(530,1),
(531,9),
(532,15),
(533,9),
(534,8),
(535,11),
(536,4),
(537,4),
(538,13),
(539,7),
(540,12),
(541,2),
(542,1),
(543,16),
(544,6),
(545,9),
(546,10),
(547,3),
(548,4),
(549,1),
(550,8),
(551,13),
(552,6),
(553,3),
(554,4),
(555,5),
(556,10),
(557,8),
(558,13),
(559,14),
(560,10),
(561,13),
(562,12),
(563,10),
(564,2),
(565,9),
(566,9),
(567,9),
(568,5),
(569,2),
(570,15),
(571,6),
(572,14),
(573,3),
(574,1),
(575,6),
(576,6),
(577,15),
(578,4),
(579,1),
(580,13),
(581,12),
(582,2),
(583,2),
(584,9),
(585,7),
(586,1),
(587,6),
(588,3),
(589,6),
(590,13),
(591,10),
(592,12),
(593,11),
(594,1),
(595,9),
(596,10),
(597,10),
(598,15),
(599,15),
(600,11),
(601,16),
(602,14),
(603,8),
(604,5),
(605,9),
(606,15),
(607,9),
(608,3),
(609,16),
(610,8),
(611,4),
(612,15),
(613,5),
(614,10),
(615,2),
(616,6),
(617,8),
(618,7),
(619,15),
(620,14),
(621,8),
(622,6),
(623,9),
(624,10),
(625,14),
(626,3),
(627,6),
(628,15),
(629,6),
(630,7),
(631,15),
(632,13),
(633,4),
(634,8),
(635,13),
(636,12),
(637,14),
(638,5),
(639,8),
(640,9),
(641,9),
(642,16),
(643,7),
(644,2),
(645,16),
(646,10),
(647,12),
(648,16),
(649,2),
(650,6),
(651,2),
(652,4),
(653,11),
(654,10),
(655,14),
(656,16),
(657,5),
(658,11),
(659,1),
(660,5),
(661,9),
(662,7),
(663,4),
(664,1),
(665,11),
(666,7),
(667,15),
(668,15),
(669,9),
(670,6),
(671,15),
(672,5),
(673,12),
(674,9),
(675,13),
(676,15),
(677,13),
(678,15),
(679,8),
(680,5),
(681,15),
(682,8),
(683,7),
(684,10),
(685,13),
(686,13),
(687,6),
(688,3),
(689,9),
(690,2),
(691,15),
(692,2),
(693,2),
(694,4),
(695,8),
(696,2),
(697,1),
(698,6),
(699,10),
(700,8),
(701,10),
(702,11),
(703,2),
(704,5),
(705,9),
(706,7),
(707,1),
(708,6),
(709,7),
(710,8),
(711,14),
(712,6),
(713,6),
(714,14),
(715,8),
(716,11),
(717,1),
(718,12),
(719,15),
(720,13),
(721,12),
(722,11),
(723,14),
(724,8),
(725,4),
(726,9),
(727,8),
(728,7),
(729,15),
(730,13),
(731,4),
(732,1),
(733,15),
(734,6),
(735,3),
(736,8),
(737,11),
(738,9),
(739,7),
(740,11),
(741,12),
(742,10),
(743,2),
(744,4),
(745,15),
(746,10),
(747,10),
(748,1),
(749,11),
(750,13),
(751,13),
(752,12),
(753,8),
(754,5),
(755,3),
(756,5),
(757,6),
(758,7),
(759,13),
(760,13),
(761,3),
(762,10),
(763,15),
(764,15),
(765,5),
(766,7),
(767,12),
(768,3),
(769,9),
(770,9),
(771,7),
(772,7),
(773,15),
(774,5),
(775,7),
(776,6),
(777,15),
(778,8),
(779,15),
(780,8),
(781,10),
(782,15),
(783,16),
(784,16),
(785,16),
(786,3),
(787,16),
(788,6),
(789,9),
(790,7),
(791,6),
(792,9),
(793,1),
(794,1),
(795,8),
(796,15),
(797,12),
(798,14),
(799,11),
(800,11),
(801,3),
(802,1),
(803,7),
(804,11),
(805,2),
(806,13),
(807,10),
(808,4),
(809,15),
(810,8),
(811,16),
(812,6),
(813,15),
(814,5),
(815,4),
(816,2),
(817,14),
(818,7),
(819,12),
(820,2),
(821,9),
(822,8),
(823,1),
(824,8),
(825,1),
(826,16),
(827,7),
(828,4),
(829,8),
(830,11),
(831,14),
(832,8),
(833,3),
(834,6),
(835,10),
(836,15),
(837,5),
(838,1),
(839,14),
(840,10),
(841,15),
(842,10),
(843,4),
(844,15),
(845,9),
(846,13),
(847,13),
(848,16),
(849,2),
(850,1),
(851,15),
(852,3),
(853,3),
(854,11),
(855,6),
(856,11),
(857,5),
(858,5),
(859,2),
(860,14),
(861,10),
(862,4),
(863,14),
(864,3),
(865,2),
(866,8),
(867,8),
(868,16),
(869,1),
(870,11),
(871,5),
(872,16),
(873,3),
(874,4),
(875,15),
(876,11),
(877,12),
(878,16),
(879,12),
(880,2),
(881,11),
(882,7),
(883,3),
(884,12),
(885,11),
(886,2),
(887,2),
(888,6),
(889,3),
(890,15),
(891,4),
(892,2),
(893,14),
(894,16),
(895,4),
(896,3),
(897,7),
(898,15),
(899,4),
(900,9),
(901,2),
(902,15),
(903,16),
(904,11),
(905,5),
(906,5),
(907,7),
(908,9),
(909,11),
(910,7),
(911,1),
(912,14),
(913,13),
(914,16),
(915,1),
(916,2),
(917,15),
(918,3),
(919,10),
(920,13),
(921,12),
(922,11),
(923,7),
(924,14),
(925,6),
(926,6),
(927,1),
(928,3),
(929,9),
(930,14),
(931,16),
(932,5),
(933,13),
(934,10),
(935,13),
(936,12),
(937,13),
(938,5),
(939,5),
(940,15),
(941,10),
(942,7),
(943,6),
(944,7),
(945,6),
(946,8),
(947,9),
(948,13),
(949,10),
(950,4),
(951,4),
(952,6),
(953,2),
(954,13),
(955,3),
(956,10),
(957,9),
(958,7),
(959,3),
(960,6),
(961,9),
(962,4),
(963,2),
(964,1),
(965,11),
(966,6),
(967,14),
(968,1),
(969,7),
(970,4),
(971,9),
(972,14),
(973,6),
(974,13),
(975,8),
(976,10),
(977,16),
(978,5),
(979,7),
(980,12),
(981,16),
(982,1),
(983,12),
(984,9),
(985,14),
(986,2),
(987,12),
(988,16),
(989,16),
(990,11),
(991,1),
(992,6),
(993,3),
(994,13),
(995,11),
(996,6),
(997,12),
(998,11),
(999,3),
(1000,5);
COMMIT;


/* 1 - Liste o título de todos os filmes. */
SELECT titulo FROM film;

/* 2 - Liste o nome de todos os Atores. */
SELECT nome FROM ator;

/* 3 - Imprima os filmes que tem "SQL" em alguma parte da descrição. */
SELECT * FROM film WHERE descricao LIKE '%SQL%';

/* 4 - Liste todos filmes que foram lancados em 2006.*/
SELECT * FROM film WHERE ano = 2006;

/* 5 - Liste todos os Atores que participaram do filme KING EVOLUTION */
SELECT * FROM ator INNER JOIN filme_ator ON ator.id = filme_ator.ator_id INNER JOIN filme ON filme_ator.filme_id = filme.id WHERE filme.titulo = 'KING EVOLUTION';

/* 6 - Mostre a avalição dos filmes em que a idioma é "Japanese". */
SELECT * FROM filme WHERE idioma = 'Japanese';

/* 7 - Mostre todos os filmes da categoria "Comedy" que tem como idioma "Italian". */
SELECT * FROM filme WHERE categoria = 'Comedy' AND idioma = 'Italian';

/* 8 - Encontre os nomes de todos atores que participaram de pelo menos dois filmes 
que possuem o mesmo idioma. */
SELECT DISTINCT nome FROM ator INNER JOIN filme_ator ON ator.id = filme_ator.ator_id INNER JOIN filme ON filme_ator.filme_id = filme.id WHERE idioma = (SELECT idioma FROM filme WHERE filme.id = filme_ator.filme_id);


/* 9 - Encontre o título dos filmes que tem avaliação "NC-17" 
      ou que são da categoria "Horror".*/
SELECT titulo FROM filme WHERE avaliacao = 'NC-17' OR categoria = 'Horror';

/*10 - Encontre o id, título e descrição dos filmes que tem custo de reposição igual 22.99 e não houve participação de atores com sobrenome CHASE.*/
SELECT * FROM filme WHERE custo_reposicao = 22.99 AND NOT EXISTS (SELECT * FROM filme_ator INNER JOIN ator ON filme_ator.ator_id = ator.id WHERE ator.sobrenome = 'CHASE');
                                    
/*11 - Encontre os nomes dos atores que não participaram de nenhum filme.*/
SELECT DISTINCT nome FROM ator WHERE NOT EXISTS (SELECT * FROM filme_ator WHERE ator.id = filme_ator.ator_id);

/*12 - Para cada filme com o idioma "ENGLISH" e com atuação de algum ator que tem a palavra JOHN compondo seu primeiro nome, encontre o título e a descrição.*/
SELECT titulo, descricao FROM filme INNER JOIN filme_ator ON filme.id = filme_ator.filme_id INNER JOIN ator ON filme_ator.ator_id = ator.id WHERE idioma = 'ENGLISH' AND ator.nome LIKE '%JOHN%' AND ator.nome LIKE '%%';

/*13 - Para cada filme da categoria "Sci-Fi" e que não tenha participação de atores que tenham a palavra MAT compondo seu primeiro nome, encontre o título e a descrição.*/
SELECT titulo, descricao FROM filme INNER JOIN filme_ator ON filme.id = filme_ator.filme_id INNER JOIN ator ON filme_ator.ator_id = ator.id WHERE categoria = 'Sci-Fi' AND ator.nome NOT LIKE '%MAT%' AND ator.nome LIKE '%%';

/*14 - Mostre os nomes das categorias e suas respectivas quantidades de filmes.*/
SELECT categoria, COUNT(*) FROM filme GROUP BY categoria;

/*15 - Mostre a média da taxa de aluguel dos filmes da categoria "Animation". */
SELECT AVG(custo_reposicao) FROM filme WHERE categoria = 'Animation';

